datetime_beginning_utc,datetime_beginning_ept,nerc_region,mkt_region,zone,load_area,mw,is_verified
1/1/2025 5:00:00 AM,1/1/2025 12:00:00 AM,RTO,RTO,RTO,RTO,79083.837,False
1/1/2025 6:00:00 AM,1/1/2025 1:00:00 AM,RTO,RTO,RTO,RTO,77793.949,False
1/1/2025 7:00:00 AM,1/1/2025 2:00:00 AM,RTO,RTO,RTO,RTO,76663.734,False
1/1/2025 8:00:00 AM,1/1/2025 3:00:00 AM,RTO,RTO,RTO,RTO,76170.524,False
1/1/2025 9:00:00 AM,1/1/2025 4:00:00 AM,RTO,RTO,RTO,RTO,76491.775,False
1/1/2025 10:00:00 AM,1/1/2025 5:00:00 AM,RTO,RTO,RTO,RTO,77948.352,False
1/1/2025 11:00:00 AM,1/1/2025 6:00:00 AM,RTO,RTO,RTO,RTO,79972.996,False
1/1/2025 12:00:00 PM,1/1/2025 7:00:00 AM,RTO,RTO,RTO,RTO,81959.197,False
1/1/2025 1:00:00 PM,1/1/2025 8:00:00 AM,RTO,RTO,RTO,RTO,82847.662,False
1/1/2025 2:00:00 PM,1/1/2025 9:00:00 AM,RTO,RTO,RTO,RTO,83684.844,False
1/1/2025 3:00:00 PM,1/1/2025 10:00:00 AM,RTO,RTO,RTO,RTO,85316.729,False
1/1/2025 4:00:00 PM,1/1/2025 11:00:00 AM,RTO,RTO,RTO,RTO,86873.435,False
1/1/2025 5:00:00 PM,1/1/2025 12:00:00 PM,RTO,RTO,RTO,RTO,88094.745,False
1/1/2025 6:00:00 PM,1/1/2025 1:00:00 PM,RTO,RTO,RTO,RTO,88680.001,False
1/1/2025 7:00:00 PM,1/1/2025 2:00:00 PM,RTO,RTO,RTO,RTO,89401.027,False
1/1/2025 8:00:00 PM,1/1/2025 3:00:00 PM,RTO,RTO,RTO,RTO,90537.260,False
1/1/2025 9:00:00 PM,1/1/2025 4:00:00 PM,RTO,RTO,RTO,RTO,93918.301,False
1/1/2025 10:00:00 PM,1/1/2025 5:00:00 PM,RTO,RTO,RTO,RTO,98612.850,False
1/1/2025 11:00:00 PM,1/1/2025 6:00:00 PM,RTO,RTO,RTO,RTO,99387.536,False
1/2/2025 12:00:00 AM,1/1/2025 7:00:00 PM,RTO,RTO,RTO,RTO,98776.576,False
1/2/2025 1:00:00 AM,1/1/2025 8:00:00 PM,RTO,RTO,RTO,RTO,97509.876,False
1/2/2025 2:00:00 AM,1/1/2025 9:00:00 PM,RTO,RTO,RTO,RTO,95731.999,False
1/2/2025 3:00:00 AM,1/1/2025 10:00:00 PM,RTO,RTO,RTO,RTO,92605.786,False
1/2/2025 4:00:00 AM,1/1/2025 11:00:00 PM,RTO,RTO,RTO,RTO,89669.830,False
1/2/2025 5:00:00 AM,1/2/2025 12:00:00 AM,RTO,RTO,RTO,RTO,87488.656,False
1/2/2025 6:00:00 AM,1/2/2025 1:00:00 AM,RTO,RTO,RTO,RTO,86333.078,False
1/2/2025 7:00:00 AM,1/2/2025 2:00:00 AM,RTO,RTO,RTO,RTO,85880.984,False
1/2/2025 8:00:00 AM,1/2/2025 3:00:00 AM,RTO,RTO,RTO,RTO,86278.584,False
1/2/2025 9:00:00 AM,1/2/2025 4:00:00 AM,RTO,RTO,RTO,RTO,88022.761,False
1/2/2025 10:00:00 AM,1/2/2025 5:00:00 AM,RTO,RTO,RTO,RTO,92518.389,False
1/2/2025 11:00:00 AM,1/2/2025 6:00:00 AM,RTO,RTO,RTO,RTO,99122.844,False
1/2/2025 12:00:00 PM,1/2/2025 7:00:00 AM,RTO,RTO,RTO,RTO,104091.905,False
1/2/2025 1:00:00 PM,1/2/2025 8:00:00 AM,RTO,RTO,RTO,RTO,104925.909,False
1/2/2025 2:00:00 PM,1/2/2025 9:00:00 AM,RTO,RTO,RTO,RTO,103323.934,False
1/2/2025 3:00:00 PM,1/2/2025 10:00:00 AM,RTO,RTO,RTO,RTO,102148.891,False
1/2/2025 4:00:00 PM,1/2/2025 11:00:00 AM,RTO,RTO,RTO,RTO,101204.670,False
1/2/2025 5:00:00 PM,1/2/2025 12:00:00 PM,RTO,RTO,RTO,RTO,100851.021,False
1/2/2025 6:00:00 PM,1/2/2025 1:00:00 PM,RTO,RTO,RTO,RTO,100495.184,False
1/2/2025 7:00:00 PM,1/2/2025 2:00:00 PM,RTO,RTO,RTO,RTO,100919.244,False
1/2/2025 8:00:00 PM,1/2/2025 3:00:00 PM,RTO,RTO,RTO,RTO,102050.320,False
1/2/2025 9:00:00 PM,1/2/2025 4:00:00 PM,RTO,RTO,RTO,RTO,104789.565,False
1/2/2025 10:00:00 PM,1/2/2025 5:00:00 PM,RTO,RTO,RTO,RTO,109870.748,False
1/2/2025 11:00:00 PM,1/2/2025 6:00:00 PM,RTO,RTO,RTO,RTO,110838.613,False
1/3/2025 12:00:00 AM,1/2/2025 7:00:00 PM,RTO,RTO,RTO,RTO,110184.506,False
1/3/2025 1:00:00 AM,1/2/2025 8:00:00 PM,RTO,RTO,RTO,RTO,108915.129,False
1/3/2025 2:00:00 AM,1/2/2025 9:00:00 PM,RTO,RTO,RTO,RTO,106006.614,False
1/3/2025 3:00:00 AM,1/2/2025 10:00:00 PM,RTO,RTO,RTO,RTO,102192.367,False
1/3/2025 4:00:00 AM,1/2/2025 11:00:00 PM,RTO,RTO,RTO,RTO,98172.741,False
1/3/2025 5:00:00 AM,1/3/2025 12:00:00 AM,RTO,RTO,RTO,RTO,95552.296,False
1/3/2025 6:00:00 AM,1/3/2025 1:00:00 AM,RTO,RTO,RTO,RTO,93696.430,False
1/3/2025 7:00:00 AM,1/3/2025 2:00:00 AM,RTO,RTO,RTO,RTO,93156.308,False
1/3/2025 8:00:00 AM,1/3/2025 3:00:00 AM,RTO,RTO,RTO,RTO,93376.007,False
1/3/2025 9:00:00 AM,1/3/2025 4:00:00 AM,RTO,RTO,RTO,RTO,95123.063,False
1/3/2025 10:00:00 AM,1/3/2025 5:00:00 AM,RTO,RTO,RTO,RTO,98739.377,False
1/3/2025 11:00:00 AM,1/3/2025 6:00:00 AM,RTO,RTO,RTO,RTO,104494.222,False
1/3/2025 12:00:00 PM,1/3/2025 7:00:00 AM,RTO,RTO,RTO,RTO,109228.633,False
1/3/2025 1:00:00 PM,1/3/2025 8:00:00 AM,RTO,RTO,RTO,RTO,110218.562,False
1/3/2025 2:00:00 PM,1/3/2025 9:00:00 AM,RTO,RTO,RTO,RTO,108532.149,False
1/3/2025 3:00:00 PM,1/3/2025 10:00:00 AM,RTO,RTO,RTO,RTO,106889.370,False
1/3/2025 4:00:00 PM,1/3/2025 11:00:00 AM,RTO,RTO,RTO,RTO,106035.352,False
1/3/2025 5:00:00 PM,1/3/2025 12:00:00 PM,RTO,RTO,RTO,RTO,105449.541,False
1/3/2025 6:00:00 PM,1/3/2025 1:00:00 PM,RTO,RTO,RTO,RTO,105177.574,False
1/3/2025 7:00:00 PM,1/3/2025 2:00:00 PM,RTO,RTO,RTO,RTO,105379.504,False
1/3/2025 8:00:00 PM,1/3/2025 3:00:00 PM,RTO,RTO,RTO,RTO,106599.982,False
1/3/2025 9:00:00 PM,1/3/2025 4:00:00 PM,RTO,RTO,RTO,RTO,109259.433,False
1/3/2025 10:00:00 PM,1/3/2025 5:00:00 PM,RTO,RTO,RTO,RTO,113543.573,False
1/3/2025 11:00:00 PM,1/3/2025 6:00:00 PM,RTO,RTO,RTO,RTO,114343.397,False
1/4/2025 12:00:00 AM,1/3/2025 7:00:00 PM,RTO,RTO,RTO,RTO,113491.069,False
1/4/2025 1:00:00 AM,1/3/2025 8:00:00 PM,RTO,RTO,RTO,RTO,112602.806,False
1/4/2025 2:00:00 AM,1/3/2025 9:00:00 PM,RTO,RTO,RTO,RTO,110585.361,False
1/4/2025 3:00:00 AM,1/3/2025 10:00:00 PM,RTO,RTO,RTO,RTO,107595.472,False
1/4/2025 4:00:00 AM,1/3/2025 11:00:00 PM,RTO,RTO,RTO,RTO,104188.856,False
1/4/2025 5:00:00 AM,1/4/2025 12:00:00 AM,RTO,RTO,RTO,RTO,101390.807,False
1/4/2025 6:00:00 AM,1/4/2025 1:00:00 AM,RTO,RTO,RTO,RTO,99657.445,False
1/4/2025 7:00:00 AM,1/4/2025 2:00:00 AM,RTO,RTO,RTO,RTO,98712.750,False
1/4/2025 8:00:00 AM,1/4/2025 3:00:00 AM,RTO,RTO,RTO,RTO,98618.605,False
1/4/2025 9:00:00 AM,1/4/2025 4:00:00 AM,RTO,RTO,RTO,RTO,99440.122,False
1/4/2025 10:00:00 AM,1/4/2025 5:00:00 AM,RTO,RTO,RTO,RTO,101464.568,False
1/4/2025 11:00:00 AM,1/4/2025 6:00:00 AM,RTO,RTO,RTO,RTO,104272.493,False
1/4/2025 12:00:00 PM,1/4/2025 7:00:00 AM,RTO,RTO,RTO,RTO,107401.079,False
1/4/2025 1:00:00 PM,1/4/2025 8:00:00 AM,RTO,RTO,RTO,RTO,108594.053,False
1/4/2025 2:00:00 PM,1/4/2025 9:00:00 AM,RTO,RTO,RTO,RTO,107981.273,False
1/4/2025 3:00:00 PM,1/4/2025 10:00:00 AM,RTO,RTO,RTO,RTO,107359.282,False
1/4/2025 4:00:00 PM,1/4/2025 11:00:00 AM,RTO,RTO,RTO,RTO,106689.616,False
1/4/2025 5:00:00 PM,1/4/2025 12:00:00 PM,RTO,RTO,RTO,RTO,105207.006,False
1/4/2025 6:00:00 PM,1/4/2025 1:00:00 PM,RTO,RTO,RTO,RTO,104221.812,False
1/4/2025 7:00:00 PM,1/4/2025 2:00:00 PM,RTO,RTO,RTO,RTO,103699.520,False
1/4/2025 8:00:00 PM,1/4/2025 3:00:00 PM,RTO,RTO,RTO,RTO,105164.693,False
1/4/2025 9:00:00 PM,1/4/2025 4:00:00 PM,RTO,RTO,RTO,RTO,108979.245,False
1/4/2025 10:00:00 PM,1/4/2025 5:00:00 PM,RTO,RTO,RTO,RTO,114162.843,False
1/4/2025 11:00:00 PM,1/4/2025 6:00:00 PM,RTO,RTO,RTO,RTO,115947.128,False
1/5/2025 12:00:00 AM,1/4/2025 7:00:00 PM,RTO,RTO,RTO,RTO,115629.103,False
1/5/2025 1:00:00 AM,1/4/2025 8:00:00 PM,RTO,RTO,RTO,RTO,114812.616,False
1/5/2025 2:00:00 AM,1/4/2025 9:00:00 PM,RTO,RTO,RTO,RTO,112995.242,False
1/5/2025 3:00:00 AM,1/4/2025 10:00:00 PM,RTO,RTO,RTO,RTO,110033.027,False
1/5/2025 4:00:00 AM,1/4/2025 11:00:00 PM,RTO,RTO,RTO,RTO,107069.407,False
1/5/2025 5:00:00 AM,1/5/2025 12:00:00 AM,RTO,RTO,RTO,RTO,104875.747,False
1/5/2025 6:00:00 AM,1/5/2025 1:00:00 AM,RTO,RTO,RTO,RTO,103017.975,False
1/5/2025 7:00:00 AM,1/5/2025 2:00:00 AM,RTO,RTO,RTO,RTO,102060.290,False
1/5/2025 8:00:00 AM,1/5/2025 3:00:00 AM,RTO,RTO,RTO,RTO,101947.405,False
1/5/2025 9:00:00 AM,1/5/2025 4:00:00 AM,RTO,RTO,RTO,RTO,102231.460,False
1/5/2025 10:00:00 AM,1/5/2025 5:00:00 AM,RTO,RTO,RTO,RTO,103784.134,False
1/5/2025 11:00:00 AM,1/5/2025 6:00:00 AM,RTO,RTO,RTO,RTO,106048.241,False
1/5/2025 12:00:00 PM,1/5/2025 7:00:00 AM,RTO,RTO,RTO,RTO,108667.679,False
1/5/2025 1:00:00 PM,1/5/2025 8:00:00 AM,RTO,RTO,RTO,RTO,108886.261,False
1/5/2025 2:00:00 PM,1/5/2025 9:00:00 AM,RTO,RTO,RTO,RTO,106576.669,False
1/5/2025 3:00:00 PM,1/5/2025 10:00:00 AM,RTO,RTO,RTO,RTO,104542.953,False
1/5/2025 4:00:00 PM,1/5/2025 11:00:00 AM,RTO,RTO,RTO,RTO,103509.020,False
1/5/2025 5:00:00 PM,1/5/2025 12:00:00 PM,RTO,RTO,RTO,RTO,103372.628,False
1/5/2025 6:00:00 PM,1/5/2025 1:00:00 PM,RTO,RTO,RTO,RTO,103710.564,False
1/5/2025 7:00:00 PM,1/5/2025 2:00:00 PM,RTO,RTO,RTO,RTO,104753.992,False
1/5/2025 8:00:00 PM,1/5/2025 3:00:00 PM,RTO,RTO,RTO,RTO,106622.410,False
1/5/2025 9:00:00 PM,1/5/2025 4:00:00 PM,RTO,RTO,RTO,RTO,109932.006,False
1/5/2025 10:00:00 PM,1/5/2025 5:00:00 PM,RTO,RTO,RTO,RTO,114641.465,False
1/5/2025 11:00:00 PM,1/5/2025 6:00:00 PM,RTO,RTO,RTO,RTO,115338.261,False
1/6/2025 12:00:00 AM,1/5/2025 7:00:00 PM,RTO,RTO,RTO,RTO,114082.856,False
1/6/2025 1:00:00 AM,1/5/2025 8:00:00 PM,RTO,RTO,RTO,RTO,112380.417,False
1/6/2025 2:00:00 AM,1/5/2025 9:00:00 PM,RTO,RTO,RTO,RTO,109586.238,False
1/6/2025 3:00:00 AM,1/5/2025 10:00:00 PM,RTO,RTO,RTO,RTO,105728.587,False
1/6/2025 4:00:00 AM,1/5/2025 11:00:00 PM,RTO,RTO,RTO,RTO,102249.830,False
1/6/2025 5:00:00 AM,1/6/2025 12:00:00 AM,RTO,RTO,RTO,RTO,99683.646,False
1/6/2025 6:00:00 AM,1/6/2025 1:00:00 AM,RTO,RTO,RTO,RTO,98265.090,False
1/6/2025 7:00:00 AM,1/6/2025 2:00:00 AM,RTO,RTO,RTO,RTO,97709.182,False
1/6/2025 8:00:00 AM,1/6/2025 3:00:00 AM,RTO,RTO,RTO,RTO,98005.553,False
1/6/2025 9:00:00 AM,1/6/2025 4:00:00 AM,RTO,RTO,RTO,RTO,99670.244,False
1/6/2025 10:00:00 AM,1/6/2025 5:00:00 AM,RTO,RTO,RTO,RTO,102990.651,False
1/6/2025 11:00:00 AM,1/6/2025 6:00:00 AM,RTO,RTO,RTO,RTO,107905.257,False
1/6/2025 12:00:00 PM,1/6/2025 7:00:00 AM,RTO,RTO,RTO,RTO,112336.230,False
1/6/2025 1:00:00 PM,1/6/2025 8:00:00 AM,RTO,RTO,RTO,RTO,114866.637,False
1/6/2025 2:00:00 PM,1/6/2025 9:00:00 AM,RTO,RTO,RTO,RTO,116385.521,False
1/6/2025 3:00:00 PM,1/6/2025 10:00:00 AM,RTO,RTO,RTO,RTO,117464.706,False
1/6/2025 4:00:00 PM,1/6/2025 11:00:00 AM,RTO,RTO,RTO,RTO,117914.564,False
1/6/2025 5:00:00 PM,1/6/2025 12:00:00 PM,RTO,RTO,RTO,RTO,117853.382,False
1/6/2025 6:00:00 PM,1/6/2025 1:00:00 PM,RTO,RTO,RTO,RTO,116963.864,False
1/6/2025 7:00:00 PM,1/6/2025 2:00:00 PM,RTO,RTO,RTO,RTO,115951.490,False
1/6/2025 8:00:00 PM,1/6/2025 3:00:00 PM,RTO,RTO,RTO,RTO,115891.506,False
1/6/2025 9:00:00 PM,1/6/2025 4:00:00 PM,RTO,RTO,RTO,RTO,117667.269,False
1/6/2025 10:00:00 PM,1/6/2025 5:00:00 PM,RTO,RTO,RTO,RTO,121338.756,False
1/6/2025 11:00:00 PM,1/6/2025 6:00:00 PM,RTO,RTO,RTO,RTO,121444.097,False
1/7/2025 12:00:00 AM,1/6/2025 7:00:00 PM,RTO,RTO,RTO,RTO,119578.061,False
1/7/2025 1:00:00 AM,1/6/2025 8:00:00 PM,RTO,RTO,RTO,RTO,117550.470,False
1/7/2025 2:00:00 AM,1/6/2025 9:00:00 PM,RTO,RTO,RTO,RTO,114654.577,False
1/7/2025 3:00:00 AM,1/6/2025 10:00:00 PM,RTO,RTO,RTO,RTO,110614.258,False
1/7/2025 4:00:00 AM,1/6/2025 11:00:00 PM,RTO,RTO,RTO,RTO,106913.845,False
1/7/2025 5:00:00 AM,1/7/2025 12:00:00 AM,RTO,RTO,RTO,RTO,104605.205,False
1/7/2025 6:00:00 AM,1/7/2025 1:00:00 AM,RTO,RTO,RTO,RTO,103552.516,False
1/7/2025 7:00:00 AM,1/7/2025 2:00:00 AM,RTO,RTO,RTO,RTO,103126.237,False
1/7/2025 8:00:00 AM,1/7/2025 3:00:00 AM,RTO,RTO,RTO,RTO,103819.337,False
1/7/2025 9:00:00 AM,1/7/2025 4:00:00 AM,RTO,RTO,RTO,RTO,105723.455,False
1/7/2025 10:00:00 AM,1/7/2025 5:00:00 AM,RTO,RTO,RTO,RTO,109891.247,False
1/7/2025 11:00:00 AM,1/7/2025 6:00:00 AM,RTO,RTO,RTO,RTO,115888.959,False
1/7/2025 12:00:00 PM,1/7/2025 7:00:00 AM,RTO,RTO,RTO,RTO,120559.130,False
1/7/2025 1:00:00 PM,1/7/2025 8:00:00 AM,RTO,RTO,RTO,RTO,121513.332,False
1/7/2025 2:00:00 PM,1/7/2025 9:00:00 AM,RTO,RTO,RTO,RTO,119618.346,False
1/7/2025 3:00:00 PM,1/7/2025 10:00:00 AM,RTO,RTO,RTO,RTO,117570.732,False
1/7/2025 4:00:00 PM,1/7/2025 11:00:00 AM,RTO,RTO,RTO,RTO,115697.940,False
1/7/2025 5:00:00 PM,1/7/2025 12:00:00 PM,RTO,RTO,RTO,RTO,113922.478,False
1/7/2025 6:00:00 PM,1/7/2025 1:00:00 PM,RTO,RTO,RTO,RTO,112570.784,False
1/7/2025 7:00:00 PM,1/7/2025 2:00:00 PM,RTO,RTO,RTO,RTO,111612.056,False
1/7/2025 8:00:00 PM,1/7/2025 3:00:00 PM,RTO,RTO,RTO,RTO,112250.737,False
1/7/2025 9:00:00 PM,1/7/2025 4:00:00 PM,RTO,RTO,RTO,RTO,115727.927,False
1/7/2025 10:00:00 PM,1/7/2025 5:00:00 PM,RTO,RTO,RTO,RTO,121488.496,False
1/7/2025 11:00:00 PM,1/7/2025 6:00:00 PM,RTO,RTO,RTO,RTO,122859.179,False
1/8/2025 12:00:00 AM,1/7/2025 7:00:00 PM,RTO,RTO,RTO,RTO,121745.245,False
1/8/2025 1:00:00 AM,1/7/2025 8:00:00 PM,RTO,RTO,RTO,RTO,120123.813,False
1/8/2025 2:00:00 AM,1/7/2025 9:00:00 PM,RTO,RTO,RTO,RTO,117135.375,False
1/8/2025 3:00:00 AM,1/7/2025 10:00:00 PM,RTO,RTO,RTO,RTO,112703.095,False
1/8/2025 4:00:00 AM,1/7/2025 11:00:00 PM,RTO,RTO,RTO,RTO,108603.916,False
1/8/2025 5:00:00 AM,1/8/2025 12:00:00 AM,RTO,RTO,RTO,RTO,105911.968,False
1/8/2025 6:00:00 AM,1/8/2025 1:00:00 AM,RTO,RTO,RTO,RTO,104723.196,False
1/8/2025 7:00:00 AM,1/8/2025 2:00:00 AM,RTO,RTO,RTO,RTO,104201.847,False
1/8/2025 8:00:00 AM,1/8/2025 3:00:00 AM,RTO,RTO,RTO,RTO,104472.199,False
1/8/2025 9:00:00 AM,1/8/2025 4:00:00 AM,RTO,RTO,RTO,RTO,106268.909,False
1/8/2025 10:00:00 AM,1/8/2025 5:00:00 AM,RTO,RTO,RTO,RTO,110483.842,False
1/8/2025 11:00:00 AM,1/8/2025 6:00:00 AM,RTO,RTO,RTO,RTO,117054.914,False
1/8/2025 12:00:00 PM,1/8/2025 7:00:00 AM,RTO,RTO,RTO,RTO,121774.356,False
1/8/2025 1:00:00 PM,1/8/2025 8:00:00 AM,RTO,RTO,RTO,RTO,122018.254,False
1/8/2025 2:00:00 PM,1/8/2025 9:00:00 AM,RTO,RTO,RTO,RTO,119508.768,False
1/8/2025 3:00:00 PM,1/8/2025 10:00:00 AM,RTO,RTO,RTO,RTO,116732.156,False
1/8/2025 4:00:00 PM,1/8/2025 11:00:00 AM,RTO,RTO,RTO,RTO,115046.578,False
1/8/2025 5:00:00 PM,1/8/2025 12:00:00 PM,RTO,RTO,RTO,RTO,114095.653,False
1/8/2025 6:00:00 PM,1/8/2025 1:00:00 PM,RTO,RTO,RTO,RTO,113438.642,False
1/8/2025 7:00:00 PM,1/8/2025 2:00:00 PM,RTO,RTO,RTO,RTO,113629.838,False
1/8/2025 8:00:00 PM,1/8/2025 3:00:00 PM,RTO,RTO,RTO,RTO,115072.707,False
1/8/2025 9:00:00 PM,1/8/2025 4:00:00 PM,RTO,RTO,RTO,RTO,118593.041,False
1/8/2025 10:00:00 PM,1/8/2025 5:00:00 PM,RTO,RTO,RTO,RTO,123558.274,False
1/8/2025 11:00:00 PM,1/8/2025 6:00:00 PM,RTO,RTO,RTO,RTO,124883.510,False
1/9/2025 12:00:00 AM,1/8/2025 7:00:00 PM,RTO,RTO,RTO,RTO,124210.013,False
1/9/2025 1:00:00 AM,1/8/2025 8:00:00 PM,RTO,RTO,RTO,RTO,122951.540,False
1/9/2025 2:00:00 AM,1/8/2025 9:00:00 PM,RTO,RTO,RTO,RTO,120300.240,False
1/9/2025 3:00:00 AM,1/8/2025 10:00:00 PM,RTO,RTO,RTO,RTO,116195.275,False
1/9/2025 4:00:00 AM,1/8/2025 11:00:00 PM,RTO,RTO,RTO,RTO,112346.247,False
1/9/2025 5:00:00 AM,1/9/2025 12:00:00 AM,RTO,RTO,RTO,RTO,109933.383,False
1/9/2025 6:00:00 AM,1/9/2025 1:00:00 AM,RTO,RTO,RTO,RTO,108743.295,False
1/9/2025 7:00:00 AM,1/9/2025 2:00:00 AM,RTO,RTO,RTO,RTO,108441.797,False
1/9/2025 8:00:00 AM,1/9/2025 3:00:00 AM,RTO,RTO,RTO,RTO,109012.323,False
1/9/2025 9:00:00 AM,1/9/2025 4:00:00 AM,RTO,RTO,RTO,RTO,111085.908,False
1/9/2025 10:00:00 AM,1/9/2025 5:00:00 AM,RTO,RTO,RTO,RTO,115738.848,False
1/9/2025 11:00:00 AM,1/9/2025 6:00:00 AM,RTO,RTO,RTO,RTO,122109.244,False
1/9/2025 12:00:00 PM,1/9/2025 7:00:00 AM,RTO,RTO,RTO,RTO,126777.530,False
1/9/2025 1:00:00 PM,1/9/2025 8:00:00 AM,RTO,RTO,RTO,RTO,126678.518,False
1/9/2025 2:00:00 PM,1/9/2025 9:00:00 AM,RTO,RTO,RTO,RTO,123223.299,False
1/9/2025 3:00:00 PM,1/9/2025 10:00:00 AM,RTO,RTO,RTO,RTO,119571.420,False
1/9/2025 4:00:00 PM,1/9/2025 11:00:00 AM,RTO,RTO,RTO,RTO,116500.676,False
1/9/2025 5:00:00 PM,1/9/2025 12:00:00 PM,RTO,RTO,RTO,RTO,114246.430,False
1/9/2025 6:00:00 PM,1/9/2025 1:00:00 PM,RTO,RTO,RTO,RTO,112359.139,False
1/9/2025 7:00:00 PM,1/9/2025 2:00:00 PM,RTO,RTO,RTO,RTO,111222.308,False
1/9/2025 8:00:00 PM,1/9/2025 3:00:00 PM,RTO,RTO,RTO,RTO,111860.831,False
1/9/2025 9:00:00 PM,1/9/2025 4:00:00 PM,RTO,RTO,RTO,RTO,115229.283,False
1/9/2025 10:00:00 PM,1/9/2025 5:00:00 PM,RTO,RTO,RTO,RTO,121501.136,False
1/9/2025 11:00:00 PM,1/9/2025 6:00:00 PM,RTO,RTO,RTO,RTO,124077.734,False
1/10/2025 12:00:00 AM,1/9/2025 7:00:00 PM,RTO,RTO,RTO,RTO,123700.343,False
1/10/2025 1:00:00 AM,1/9/2025 8:00:00 PM,RTO,RTO,RTO,RTO,122566.818,False
1/10/2025 2:00:00 AM,1/9/2025 9:00:00 PM,RTO,RTO,RTO,RTO,120368.276,False
1/10/2025 3:00:00 AM,1/9/2025 10:00:00 PM,RTO,RTO,RTO,RTO,116522.083,False
1/10/2025 4:00:00 AM,1/9/2025 11:00:00 PM,RTO,RTO,RTO,RTO,112894.503,False
1/10/2025 5:00:00 AM,1/10/2025 12:00:00 AM,RTO,RTO,RTO,RTO,110396.628,False
1/10/2025 6:00:00 AM,1/10/2025 1:00:00 AM,RTO,RTO,RTO,RTO,108856.200,False
1/10/2025 7:00:00 AM,1/10/2025 2:00:00 AM,RTO,RTO,RTO,RTO,108341.784,False
1/10/2025 8:00:00 AM,1/10/2025 3:00:00 AM,RTO,RTO,RTO,RTO,108599.865,False
1/10/2025 9:00:00 AM,1/10/2025 4:00:00 AM,RTO,RTO,RTO,RTO,110391.779,False
1/10/2025 10:00:00 AM,1/10/2025 5:00:00 AM,RTO,RTO,RTO,RTO,114377.259,False
1/10/2025 11:00:00 AM,1/10/2025 6:00:00 AM,RTO,RTO,RTO,RTO,120489.515,False
1/10/2025 12:00:00 PM,1/10/2025 7:00:00 AM,RTO,RTO,RTO,RTO,124673.196,False
1/10/2025 1:00:00 PM,1/10/2025 8:00:00 AM,RTO,RTO,RTO,RTO,124304.013,False
1/10/2025 2:00:00 PM,1/10/2025 9:00:00 AM,RTO,RTO,RTO,RTO,121489.377,False
1/10/2025 3:00:00 PM,1/10/2025 10:00:00 AM,RTO,RTO,RTO,RTO,118579.146,False
1/10/2025 4:00:00 PM,1/10/2025 11:00:00 AM,RTO,RTO,RTO,RTO,115695.476,False
1/10/2025 5:00:00 PM,1/10/2025 12:00:00 PM,RTO,RTO,RTO,RTO,113851.326,False
1/10/2025 6:00:00 PM,1/10/2025 1:00:00 PM,RTO,RTO,RTO,RTO,113449.308,False
1/10/2025 7:00:00 PM,1/10/2025 2:00:00 PM,RTO,RTO,RTO,RTO,113261.354,False
1/10/2025 8:00:00 PM,1/10/2025 3:00:00 PM,RTO,RTO,RTO,RTO,113137.027,False
1/10/2025 9:00:00 PM,1/10/2025 4:00:00 PM,RTO,RTO,RTO,RTO,115008.195,False
1/10/2025 10:00:00 PM,1/10/2025 5:00:00 PM,RTO,RTO,RTO,RTO,118493.015,False
1/10/2025 11:00:00 PM,1/10/2025 6:00:00 PM,RTO,RTO,RTO,RTO,118622.167,False
1/11/2025 12:00:00 AM,1/10/2025 7:00:00 PM,RTO,RTO,RTO,RTO,116863.391,False
1/11/2025 1:00:00 AM,1/10/2025 8:00:00 PM,RTO,RTO,RTO,RTO,114705.736,False
1/11/2025 2:00:00 AM,1/10/2025 9:00:00 PM,RTO,RTO,RTO,RTO,112224.678,False
1/11/2025 3:00:00 AM,1/10/2025 10:00:00 PM,RTO,RTO,RTO,RTO,108432.709,False
1/11/2025 4:00:00 AM,1/10/2025 11:00:00 PM,RTO,RTO,RTO,RTO,104814.742,False
1/11/2025 5:00:00 AM,1/11/2025 12:00:00 AM,RTO,RTO,RTO,RTO,101817.712,False
1/11/2025 6:00:00 AM,1/11/2025 1:00:00 AM,RTO,RTO,RTO,RTO,100042.308,False
1/11/2025 7:00:00 AM,1/11/2025 2:00:00 AM,RTO,RTO,RTO,RTO,98866.194,False
1/11/2025 8:00:00 AM,1/11/2025 3:00:00 AM,RTO,RTO,RTO,RTO,98548.237,False
1/11/2025 9:00:00 AM,1/11/2025 4:00:00 AM,RTO,RTO,RTO,RTO,98953.919,False
1/11/2025 10:00:00 AM,1/11/2025 5:00:00 AM,RTO,RTO,RTO,RTO,100379.804,False
1/11/2025 11:00:00 AM,1/11/2025 6:00:00 AM,RTO,RTO,RTO,RTO,102822.570,False
1/11/2025 12:00:00 PM,1/11/2025 7:00:00 AM,RTO,RTO,RTO,RTO,105759.812,False
1/11/2025 1:00:00 PM,1/11/2025 8:00:00 AM,RTO,RTO,RTO,RTO,108088.214,False
1/11/2025 2:00:00 PM,1/11/2025 9:00:00 AM,RTO,RTO,RTO,RTO,108918.264,False
1/11/2025 3:00:00 PM,1/11/2025 10:00:00 AM,RTO,RTO,RTO,RTO,108050.776,False
1/11/2025 4:00:00 PM,1/11/2025 11:00:00 AM,RTO,RTO,RTO,RTO,106682.643,False
1/11/2025 5:00:00 PM,1/11/2025 12:00:00 PM,RTO,RTO,RTO,RTO,105066.142,False
1/11/2025 6:00:00 PM,1/11/2025 1:00:00 PM,RTO,RTO,RTO,RTO,103621.668,False
1/11/2025 7:00:00 PM,1/11/2025 2:00:00 PM,RTO,RTO,RTO,RTO,102850.753,False
1/11/2025 8:00:00 PM,1/11/2025 3:00:00 PM,RTO,RTO,RTO,RTO,103541.129,False
1/11/2025 9:00:00 PM,1/11/2025 4:00:00 PM,RTO,RTO,RTO,RTO,106262.819,False
1/11/2025 10:00:00 PM,1/11/2025 5:00:00 PM,RTO,RTO,RTO,RTO,110666.959,False
1/11/2025 11:00:00 PM,1/11/2025 6:00:00 PM,RTO,RTO,RTO,RTO,112336.873,False
1/12/2025 12:00:00 AM,1/11/2025 7:00:00 PM,RTO,RTO,RTO,RTO,111322.239,False
1/12/2025 1:00:00 AM,1/11/2025 8:00:00 PM,RTO,RTO,RTO,RTO,109961.237,False
1/12/2025 2:00:00 AM,1/11/2025 9:00:00 PM,RTO,RTO,RTO,RTO,107955.822,False
1/12/2025 3:00:00 AM,1/11/2025 10:00:00 PM,RTO,RTO,RTO,RTO,105016.044,False
1/12/2025 4:00:00 AM,1/11/2025 11:00:00 PM,RTO,RTO,RTO,RTO,101926.606,False
1/12/2025 5:00:00 AM,1/12/2025 12:00:00 AM,RTO,RTO,RTO,RTO,99347.790,False
1/12/2025 6:00:00 AM,1/12/2025 1:00:00 AM,RTO,RTO,RTO,RTO,97922.090,False
1/12/2025 7:00:00 AM,1/12/2025 2:00:00 AM,RTO,RTO,RTO,RTO,97046.163,False
1/12/2025 8:00:00 AM,1/12/2025 3:00:00 AM,RTO,RTO,RTO,RTO,97002.296,False
1/12/2025 9:00:00 AM,1/12/2025 4:00:00 AM,RTO,RTO,RTO,RTO,97901.712,False
1/12/2025 10:00:00 AM,1/12/2025 5:00:00 AM,RTO,RTO,RTO,RTO,99445.778,False
1/12/2025 11:00:00 AM,1/12/2025 6:00:00 AM,RTO,RTO,RTO,RTO,102363.834,False
1/12/2025 12:00:00 PM,1/12/2025 7:00:00 AM,RTO,RTO,RTO,RTO,105432.140,False
1/12/2025 1:00:00 PM,1/12/2025 8:00:00 AM,RTO,RTO,RTO,RTO,106352.425,False
1/12/2025 2:00:00 PM,1/12/2025 9:00:00 AM,RTO,RTO,RTO,RTO,103995.860,False
1/12/2025 3:00:00 PM,1/12/2025 10:00:00 AM,RTO,RTO,RTO,RTO,100919.924,False
1/12/2025 4:00:00 PM,1/12/2025 11:00:00 AM,RTO,RTO,RTO,RTO,98415.425,False
1/12/2025 5:00:00 PM,1/12/2025 12:00:00 PM,RTO,RTO,RTO,RTO,97017.105,False
1/12/2025 6:00:00 PM,1/12/2025 1:00:00 PM,RTO,RTO,RTO,RTO,96044.176,False
1/12/2025 7:00:00 PM,1/12/2025 2:00:00 PM,RTO,RTO,RTO,RTO,95812.339,False
1/12/2025 8:00:00 PM,1/12/2025 3:00:00 PM,RTO,RTO,RTO,RTO,97059.025,False
1/12/2025 9:00:00 PM,1/12/2025 4:00:00 PM,RTO,RTO,RTO,RTO,101175.431,False
1/12/2025 10:00:00 PM,1/12/2025 5:00:00 PM,RTO,RTO,RTO,RTO,106918.921,False
1/12/2025 11:00:00 PM,1/12/2025 6:00:00 PM,RTO,RTO,RTO,RTO,109612.969,False
1/13/2025 12:00:00 AM,1/12/2025 7:00:00 PM,RTO,RTO,RTO,RTO,109346.818,False
1/13/2025 1:00:00 AM,1/12/2025 8:00:00 PM,RTO,RTO,RTO,RTO,108835.244,False
1/13/2025 2:00:00 AM,1/12/2025 9:00:00 PM,RTO,RTO,RTO,RTO,106300.164,False
1/13/2025 3:00:00 AM,1/12/2025 10:00:00 PM,RTO,RTO,RTO,RTO,102845.513,False
1/13/2025 4:00:00 AM,1/12/2025 11:00:00 PM,RTO,RTO,RTO,RTO,99471.497,False
1/13/2025 5:00:00 AM,1/13/2025 12:00:00 AM,RTO,RTO,RTO,RTO,97135.801,False
1/13/2025 6:00:00 AM,1/13/2025 1:00:00 AM,RTO,RTO,RTO,RTO,96134.764,False
1/13/2025 7:00:00 AM,1/13/2025 2:00:00 AM,RTO,RTO,RTO,RTO,95895.368,False
1/13/2025 8:00:00 AM,1/13/2025 3:00:00 AM,RTO,RTO,RTO,RTO,96485.504,False
1/13/2025 9:00:00 AM,1/13/2025 4:00:00 AM,RTO,RTO,RTO,RTO,98767.754,False
1/13/2025 10:00:00 AM,1/13/2025 5:00:00 AM,RTO,RTO,RTO,RTO,103682.859,False
1/13/2025 11:00:00 AM,1/13/2025 6:00:00 AM,RTO,RTO,RTO,RTO,110727.562,False
1/13/2025 12:00:00 PM,1/13/2025 7:00:00 AM,RTO,RTO,RTO,RTO,116078.895,False
1/13/2025 1:00:00 PM,1/13/2025 8:00:00 AM,RTO,RTO,RTO,RTO,116093.000,False
1/13/2025 2:00:00 PM,1/13/2025 9:00:00 AM,RTO,RTO,RTO,RTO,113860.758,False
1/13/2025 3:00:00 PM,1/13/2025 10:00:00 AM,RTO,RTO,RTO,RTO,111463.343,False
1/13/2025 4:00:00 PM,1/13/2025 11:00:00 AM,RTO,RTO,RTO,RTO,108954.301,False
1/13/2025 5:00:00 PM,1/13/2025 12:00:00 PM,RTO,RTO,RTO,RTO,106049.531,False
1/13/2025 6:00:00 PM,1/13/2025 1:00:00 PM,RTO,RTO,RTO,RTO,104356.024,False
1/13/2025 7:00:00 PM,1/13/2025 2:00:00 PM,RTO,RTO,RTO,RTO,102817.119,False
1/13/2025 8:00:00 PM,1/13/2025 3:00:00 PM,RTO,RTO,RTO,RTO,103266.129,False
1/13/2025 9:00:00 PM,1/13/2025 4:00:00 PM,RTO,RTO,RTO,RTO,106426.987,False
1/13/2025 10:00:00 PM,1/13/2025 5:00:00 PM,RTO,RTO,RTO,RTO,112275.283,False
1/13/2025 11:00:00 PM,1/13/2025 6:00:00 PM,RTO,RTO,RTO,RTO,115122.226,False
1/14/2025 12:00:00 AM,1/13/2025 7:00:00 PM,RTO,RTO,RTO,RTO,114962.785,False
1/14/2025 1:00:00 AM,1/13/2025 8:00:00 PM,RTO,RTO,RTO,RTO,114241.746,False
1/14/2025 2:00:00 AM,1/13/2025 9:00:00 PM,RTO,RTO,RTO,RTO,111794.339,False
1/14/2025 3:00:00 AM,1/13/2025 10:00:00 PM,RTO,RTO,RTO,RTO,107900.572,False
1/14/2025 4:00:00 AM,1/13/2025 11:00:00 PM,RTO,RTO,RTO,RTO,104124.933,False
1/14/2025 5:00:00 AM,1/14/2025 12:00:00 AM,RTO,RTO,RTO,RTO,102050.430,False
1/14/2025 6:00:00 AM,1/14/2025 1:00:00 AM,RTO,RTO,RTO,RTO,101049.297,False
1/14/2025 7:00:00 AM,1/14/2025 2:00:00 AM,RTO,RTO,RTO,RTO,101057.218,False
1/14/2025 8:00:00 AM,1/14/2025 3:00:00 AM,RTO,RTO,RTO,RTO,101968.439,False
1/14/2025 9:00:00 AM,1/14/2025 4:00:00 AM,RTO,RTO,RTO,RTO,104500.591,False
1/14/2025 10:00:00 AM,1/14/2025 5:00:00 AM,RTO,RTO,RTO,RTO,110123.281,False
1/14/2025 11:00:00 AM,1/14/2025 6:00:00 AM,RTO,RTO,RTO,RTO,118055.754,False
1/14/2025 12:00:00 PM,1/14/2025 7:00:00 AM,RTO,RTO,RTO,RTO,123307.151,False
1/14/2025 1:00:00 PM,1/14/2025 8:00:00 AM,RTO,RTO,RTO,RTO,122383.901,False
1/14/2025 2:00:00 PM,1/14/2025 9:00:00 AM,RTO,RTO,RTO,RTO,118844.388,False
1/14/2025 3:00:00 PM,1/14/2025 10:00:00 AM,RTO,RTO,RTO,RTO,115596.568,False
1/14/2025 4:00:00 PM,1/14/2025 11:00:00 AM,RTO,RTO,RTO,RTO,112785.614,False
1/14/2025 5:00:00 PM,1/14/2025 12:00:00 PM,RTO,RTO,RTO,RTO,110980.330,False
1/14/2025 6:00:00 PM,1/14/2025 1:00:00 PM,RTO,RTO,RTO,RTO,109797.905,False
1/14/2025 7:00:00 PM,1/14/2025 2:00:00 PM,RTO,RTO,RTO,RTO,109352.778,False
1/14/2025 8:00:00 PM,1/14/2025 3:00:00 PM,RTO,RTO,RTO,RTO,110623.464,False
1/14/2025 9:00:00 PM,1/14/2025 4:00:00 PM,RTO,RTO,RTO,RTO,114363.251,False
1/14/2025 10:00:00 PM,1/14/2025 5:00:00 PM,RTO,RTO,RTO,RTO,119897.304,False
1/14/2025 11:00:00 PM,1/14/2025 6:00:00 PM,RTO,RTO,RTO,RTO,122332.322,False
1/15/2025 12:00:00 AM,1/14/2025 7:00:00 PM,RTO,RTO,RTO,RTO,121960.435,False
1/15/2025 1:00:00 AM,1/14/2025 8:00:00 PM,RTO,RTO,RTO,RTO,120764.389,False
1/15/2025 2:00:00 AM,1/14/2025 9:00:00 PM,RTO,RTO,RTO,RTO,118042.768,False
1/15/2025 3:00:00 AM,1/14/2025 10:00:00 PM,RTO,RTO,RTO,RTO,114193.633,False
1/15/2025 4:00:00 AM,1/14/2025 11:00:00 PM,RTO,RTO,RTO,RTO,110620.365,False
1/15/2025 5:00:00 AM,1/15/2025 12:00:00 AM,RTO,RTO,RTO,RTO,108874.001,False
1/15/2025 6:00:00 AM,1/15/2025 1:00:00 AM,RTO,RTO,RTO,RTO,108507.744,False
1/15/2025 7:00:00 AM,1/15/2025 2:00:00 AM,RTO,RTO,RTO,RTO,108781.623,False
1/15/2025 8:00:00 AM,1/15/2025 3:00:00 AM,RTO,RTO,RTO,RTO,109772.854,False
1/15/2025 9:00:00 AM,1/15/2025 4:00:00 AM,RTO,RTO,RTO,RTO,112338.269,False
1/15/2025 10:00:00 AM,1/15/2025 5:00:00 AM,RTO,RTO,RTO,RTO,117558.905,False
1/15/2025 11:00:00 AM,1/15/2025 6:00:00 AM,RTO,RTO,RTO,RTO,124849.507,False
1/15/2025 12:00:00 PM,1/15/2025 7:00:00 AM,RTO,RTO,RTO,RTO,129910.543,False
1/15/2025 1:00:00 PM,1/15/2025 8:00:00 AM,RTO,RTO,RTO,RTO,128778.403,False
1/15/2025 2:00:00 PM,1/15/2025 9:00:00 AM,RTO,RTO,RTO,RTO,124448.457,False
1/15/2025 3:00:00 PM,1/15/2025 10:00:00 AM,RTO,RTO,RTO,RTO,120184.688,False
1/15/2025 4:00:00 PM,1/15/2025 11:00:00 AM,RTO,RTO,RTO,RTO,116636.164,False
1/15/2025 5:00:00 PM,1/15/2025 12:00:00 PM,RTO,RTO,RTO,RTO,114139.446,False
1/15/2025 6:00:00 PM,1/15/2025 1:00:00 PM,RTO,RTO,RTO,RTO,112331.416,False
1/15/2025 7:00:00 PM,1/15/2025 2:00:00 PM,RTO,RTO,RTO,RTO,111136.069,False
1/15/2025 8:00:00 PM,1/15/2025 3:00:00 PM,RTO,RTO,RTO,RTO,112602.584,False
1/15/2025 9:00:00 PM,1/15/2025 4:00:00 PM,RTO,RTO,RTO,RTO,116732.692,False
1/15/2025 10:00:00 PM,1/15/2025 5:00:00 PM,RTO,RTO,RTO,RTO,122780.183,False
1/15/2025 11:00:00 PM,1/15/2025 6:00:00 PM,RTO,RTO,RTO,RTO,125922.099,False
1/16/2025 12:00:00 AM,1/15/2025 7:00:00 PM,RTO,RTO,RTO,RTO,125864.913,False
1/16/2025 1:00:00 AM,1/15/2025 8:00:00 PM,RTO,RTO,RTO,RTO,124900.907,False
1/16/2025 2:00:00 AM,1/15/2025 9:00:00 PM,RTO,RTO,RTO,RTO,122369.427,False
1/16/2025 3:00:00 AM,1/15/2025 10:00:00 PM,RTO,RTO,RTO,RTO,117859.562,False
1/16/2025 4:00:00 AM,1/15/2025 11:00:00 PM,RTO,RTO,RTO,RTO,113966.127,False
1/16/2025 5:00:00 AM,1/16/2025 12:00:00 AM,RTO,RTO,RTO,RTO,111526.579,False
1/16/2025 6:00:00 AM,1/16/2025 1:00:00 AM,RTO,RTO,RTO,RTO,110125.576,False
1/16/2025 7:00:00 AM,1/16/2025 2:00:00 AM,RTO,RTO,RTO,RTO,109737.865,False
1/16/2025 8:00:00 AM,1/16/2025 3:00:00 AM,RTO,RTO,RTO,RTO,110345.866,False
1/16/2025 9:00:00 AM,1/16/2025 4:00:00 AM,RTO,RTO,RTO,RTO,112196.454,False
1/16/2025 10:00:00 AM,1/16/2025 5:00:00 AM,RTO,RTO,RTO,RTO,116564.179,False
1/16/2025 11:00:00 AM,1/16/2025 6:00:00 AM,RTO,RTO,RTO,RTO,123139.178,False
1/16/2025 12:00:00 PM,1/16/2025 7:00:00 AM,RTO,RTO,RTO,RTO,126627.220,False
1/16/2025 1:00:00 PM,1/16/2025 8:00:00 AM,RTO,RTO,RTO,RTO,125993.726,False
1/16/2025 2:00:00 PM,1/16/2025 9:00:00 AM,RTO,RTO,RTO,RTO,123819.906,False
1/16/2025 3:00:00 PM,1/16/2025 10:00:00 AM,RTO,RTO,RTO,RTO,121235.813,False
1/16/2025 4:00:00 PM,1/16/2025 11:00:00 AM,RTO,RTO,RTO,RTO,118467.867,False
1/16/2025 5:00:00 PM,1/16/2025 12:00:00 PM,RTO,RTO,RTO,RTO,116222.607,False
1/16/2025 6:00:00 PM,1/16/2025 1:00:00 PM,RTO,RTO,RTO,RTO,114769.614,False
1/16/2025 7:00:00 PM,1/16/2025 2:00:00 PM,RTO,RTO,RTO,RTO,113669.069,False
1/16/2025 8:00:00 PM,1/16/2025 3:00:00 PM,RTO,RTO,RTO,RTO,112914.446,False
1/16/2025 9:00:00 PM,1/16/2025 4:00:00 PM,RTO,RTO,RTO,RTO,114684.470,False
1/16/2025 10:00:00 PM,1/16/2025 5:00:00 PM,RTO,RTO,RTO,RTO,118256.209,False
1/16/2025 11:00:00 PM,1/16/2025 6:00:00 PM,RTO,RTO,RTO,RTO,119218.734,False
1/17/2025 12:00:00 AM,1/16/2025 7:00:00 PM,RTO,RTO,RTO,RTO,118014.450,False
1/17/2025 1:00:00 AM,1/16/2025 8:00:00 PM,RTO,RTO,RTO,RTO,115832.586,False
1/17/2025 2:00:00 AM,1/16/2025 9:00:00 PM,RTO,RTO,RTO,RTO,112430.924,False
1/17/2025 3:00:00 AM,1/16/2025 10:00:00 PM,RTO,RTO,RTO,RTO,107772.586,False
1/17/2025 4:00:00 AM,1/16/2025 11:00:00 PM,RTO,RTO,RTO,RTO,103301.560,False
1/17/2025 5:00:00 AM,1/17/2025 12:00:00 AM,RTO,RTO,RTO,RTO,100142.224,False
1/17/2025 6:00:00 AM,1/17/2025 1:00:00 AM,RTO,RTO,RTO,RTO,98392.539,False
1/17/2025 7:00:00 AM,1/17/2025 2:00:00 AM,RTO,RTO,RTO,RTO,97655.811,False
1/17/2025 8:00:00 AM,1/17/2025 3:00:00 AM,RTO,RTO,RTO,RTO,97825.589,False
1/17/2025 9:00:00 AM,1/17/2025 4:00:00 AM,RTO,RTO,RTO,RTO,99747.459,False
1/17/2025 10:00:00 AM,1/17/2025 5:00:00 AM,RTO,RTO,RTO,RTO,104248.724,False
1/17/2025 11:00:00 AM,1/17/2025 6:00:00 AM,RTO,RTO,RTO,RTO,110993.556,False
1/17/2025 12:00:00 PM,1/17/2025 7:00:00 AM,RTO,RTO,RTO,RTO,115985.085,False
1/17/2025 1:00:00 PM,1/17/2025 8:00:00 AM,RTO,RTO,RTO,RTO,116002.854,False
1/17/2025 2:00:00 PM,1/17/2025 9:00:00 AM,RTO,RTO,RTO,RTO,112342.950,False
1/17/2025 3:00:00 PM,1/17/2025 10:00:00 AM,RTO,RTO,RTO,RTO,107651.015,False
1/17/2025 4:00:00 PM,1/17/2025 11:00:00 AM,RTO,RTO,RTO,RTO,103823.938,False
1/17/2025 5:00:00 PM,1/17/2025 12:00:00 PM,RTO,RTO,RTO,RTO,100698.792,False
1/17/2025 6:00:00 PM,1/17/2025 1:00:00 PM,RTO,RTO,RTO,RTO,98383.201,False
1/17/2025 7:00:00 PM,1/17/2025 2:00:00 PM,RTO,RTO,RTO,RTO,97088.001,False
1/17/2025 8:00:00 PM,1/17/2025 3:00:00 PM,RTO,RTO,RTO,RTO,97384.324,False
1/17/2025 9:00:00 PM,1/17/2025 4:00:00 PM,RTO,RTO,RTO,RTO,100444.450,False
1/17/2025 10:00:00 PM,1/17/2025 5:00:00 PM,RTO,RTO,RTO,RTO,105853.717,False
1/17/2025 11:00:00 PM,1/17/2025 6:00:00 PM,RTO,RTO,RTO,RTO,108408.627,False
1/18/2025 12:00:00 AM,1/17/2025 7:00:00 PM,RTO,RTO,RTO,RTO,108084.512,False
1/18/2025 1:00:00 AM,1/17/2025 8:00:00 PM,RTO,RTO,RTO,RTO,107224.769,False
1/18/2025 2:00:00 AM,1/17/2025 9:00:00 PM,RTO,RTO,RTO,RTO,105250.946,False
1/18/2025 3:00:00 AM,1/17/2025 10:00:00 PM,RTO,RTO,RTO,RTO,102141.507,False
1/18/2025 4:00:00 AM,1/17/2025 11:00:00 PM,RTO,RTO,RTO,RTO,98450.403,False
1/18/2025 5:00:00 AM,1/18/2025 12:00:00 AM,RTO,RTO,RTO,RTO,95440.069,False
1/18/2025 6:00:00 AM,1/18/2025 1:00:00 AM,RTO,RTO,RTO,RTO,93358.876,False
1/18/2025 7:00:00 AM,1/18/2025 2:00:00 AM,RTO,RTO,RTO,RTO,92120.165,False
1/18/2025 8:00:00 AM,1/18/2025 3:00:00 AM,RTO,RTO,RTO,RTO,91541.848,False
1/18/2025 9:00:00 AM,1/18/2025 4:00:00 AM,RTO,RTO,RTO,RTO,92010.984,False
1/18/2025 10:00:00 AM,1/18/2025 5:00:00 AM,RTO,RTO,RTO,RTO,93346.459,False
1/18/2025 11:00:00 AM,1/18/2025 6:00:00 AM,RTO,RTO,RTO,RTO,95818.888,False
1/18/2025 12:00:00 PM,1/18/2025 7:00:00 AM,RTO,RTO,RTO,RTO,98483.189,False
1/18/2025 1:00:00 PM,1/18/2025 8:00:00 AM,RTO,RTO,RTO,RTO,100928.274,False
1/18/2025 2:00:00 PM,1/18/2025 9:00:00 AM,RTO,RTO,RTO,RTO,102444.619,False
1/18/2025 3:00:00 PM,1/18/2025 10:00:00 AM,RTO,RTO,RTO,RTO,102435.487,False
1/18/2025 4:00:00 PM,1/18/2025 11:00:00 AM,RTO,RTO,RTO,RTO,101780.392,False
1/18/2025 5:00:00 PM,1/18/2025 12:00:00 PM,RTO,RTO,RTO,RTO,100782.192,False
1/18/2025 6:00:00 PM,1/18/2025 1:00:00 PM,RTO,RTO,RTO,RTO,99580.340,False
1/18/2025 7:00:00 PM,1/18/2025 2:00:00 PM,RTO,RTO,RTO,RTO,98045.686,False
1/18/2025 8:00:00 PM,1/18/2025 3:00:00 PM,RTO,RTO,RTO,RTO,97256.267,False
1/18/2025 9:00:00 PM,1/18/2025 4:00:00 PM,RTO,RTO,RTO,RTO,98324.815,False
1/18/2025 10:00:00 PM,1/18/2025 5:00:00 PM,RTO,RTO,RTO,RTO,101866.112,False
1/18/2025 11:00:00 PM,1/18/2025 6:00:00 PM,RTO,RTO,RTO,RTO,103760.520,False
1/19/2025 12:00:00 AM,1/18/2025 7:00:00 PM,RTO,RTO,RTO,RTO,103178.598,False
1/19/2025 1:00:00 AM,1/18/2025 8:00:00 PM,RTO,RTO,RTO,RTO,102372.673,False
1/19/2025 2:00:00 AM,1/18/2025 9:00:00 PM,RTO,RTO,RTO,RTO,100388.706,False
1/19/2025 3:00:00 AM,1/18/2025 10:00:00 PM,RTO,RTO,RTO,RTO,97960.950,False
1/19/2025 4:00:00 AM,1/18/2025 11:00:00 PM,RTO,RTO,RTO,RTO,94969.484,False
1/19/2025 5:00:00 AM,1/19/2025 12:00:00 AM,RTO,RTO,RTO,RTO,92445.668,False
1/19/2025 6:00:00 AM,1/19/2025 1:00:00 AM,RTO,RTO,RTO,RTO,90821.712,False
1/19/2025 7:00:00 AM,1/19/2025 2:00:00 AM,RTO,RTO,RTO,RTO,90045.883,False
1/19/2025 8:00:00 AM,1/19/2025 3:00:00 AM,RTO,RTO,RTO,RTO,89645.868,False
1/19/2025 9:00:00 AM,1/19/2025 4:00:00 AM,RTO,RTO,RTO,RTO,90160.887,False
1/19/2025 10:00:00 AM,1/19/2025 5:00:00 AM,RTO,RTO,RTO,RTO,91457.747,False
1/19/2025 11:00:00 AM,1/19/2025 6:00:00 AM,RTO,RTO,RTO,RTO,93802.526,False
1/19/2025 12:00:00 PM,1/19/2025 7:00:00 AM,RTO,RTO,RTO,RTO,96750.181,False
1/19/2025 1:00:00 PM,1/19/2025 8:00:00 AM,RTO,RTO,RTO,RTO,99580.763,False
1/19/2025 2:00:00 PM,1/19/2025 9:00:00 AM,RTO,RTO,RTO,RTO,101926.030,False
1/19/2025 3:00:00 PM,1/19/2025 10:00:00 AM,RTO,RTO,RTO,RTO,103170.602,False
1/19/2025 4:00:00 PM,1/19/2025 11:00:00 AM,RTO,RTO,RTO,RTO,103877.573,False
1/19/2025 5:00:00 PM,1/19/2025 12:00:00 PM,RTO,RTO,RTO,RTO,105188.206,False
1/19/2025 6:00:00 PM,1/19/2025 1:00:00 PM,RTO,RTO,RTO,RTO,105875.295,False
1/19/2025 7:00:00 PM,1/19/2025 2:00:00 PM,RTO,RTO,RTO,RTO,106319.932,False
1/19/2025 8:00:00 PM,1/19/2025 3:00:00 PM,RTO,RTO,RTO,RTO,107157.040,False
1/19/2025 9:00:00 PM,1/19/2025 4:00:00 PM,RTO,RTO,RTO,RTO,109590.703,False
1/19/2025 10:00:00 PM,1/19/2025 5:00:00 PM,RTO,RTO,RTO,RTO,113335.934,False
1/19/2025 11:00:00 PM,1/19/2025 6:00:00 PM,RTO,RTO,RTO,RTO,115821.759,False
1/20/2025 12:00:00 AM,1/19/2025 7:00:00 PM,RTO,RTO,RTO,RTO,115628.861,False
1/20/2025 1:00:00 AM,1/19/2025 8:00:00 PM,RTO,RTO,RTO,RTO,114789.628,False
1/20/2025 2:00:00 AM,1/19/2025 9:00:00 PM,RTO,RTO,RTO,RTO,113110.792,False
1/20/2025 3:00:00 AM,1/19/2025 10:00:00 PM,RTO,RTO,RTO,RTO,111088.052,False
1/20/2025 4:00:00 AM,1/19/2025 11:00:00 PM,RTO,RTO,RTO,RTO,108584.938,False
1/20/2025 5:00:00 AM,1/20/2025 12:00:00 AM,RTO,RTO,RTO,RTO,107236.349,False
1/20/2025 6:00:00 AM,1/20/2025 1:00:00 AM,RTO,RTO,RTO,RTO,106425.972,False
1/20/2025 7:00:00 AM,1/20/2025 2:00:00 AM,RTO,RTO,RTO,RTO,106732.193,False
1/20/2025 8:00:00 AM,1/20/2025 3:00:00 AM,RTO,RTO,RTO,RTO,107676.389,False
1/20/2025 9:00:00 AM,1/20/2025 4:00:00 AM,RTO,RTO,RTO,RTO,109904.819,False
1/20/2025 10:00:00 AM,1/20/2025 5:00:00 AM,RTO,RTO,RTO,RTO,113944.322,False
1/20/2025 11:00:00 AM,1/20/2025 6:00:00 AM,RTO,RTO,RTO,RTO,119567.798,False
1/20/2025 12:00:00 PM,1/20/2025 7:00:00 AM,RTO,RTO,RTO,RTO,124284.208,False
1/20/2025 1:00:00 PM,1/20/2025 8:00:00 AM,RTO,RTO,RTO,RTO,125571.875,False
1/20/2025 2:00:00 PM,1/20/2025 9:00:00 AM,RTO,RTO,RTO,RTO,123891.843,False
1/20/2025 3:00:00 PM,1/20/2025 10:00:00 AM,RTO,RTO,RTO,RTO,122757.786,False
1/20/2025 4:00:00 PM,1/20/2025 11:00:00 AM,RTO,RTO,RTO,RTO,121437.629,False
1/20/2025 5:00:00 PM,1/20/2025 12:00:00 PM,RTO,RTO,RTO,RTO,119887.178,False
1/20/2025 6:00:00 PM,1/20/2025 1:00:00 PM,RTO,RTO,RTO,RTO,119610.593,False
1/20/2025 7:00:00 PM,1/20/2025 2:00:00 PM,RTO,RTO,RTO,RTO,118796.036,False
1/20/2025 8:00:00 PM,1/20/2025 3:00:00 PM,RTO,RTO,RTO,RTO,119158.834,False
1/20/2025 9:00:00 PM,1/20/2025 4:00:00 PM,RTO,RTO,RTO,RTO,122335.945,False
1/20/2025 10:00:00 PM,1/20/2025 5:00:00 PM,RTO,RTO,RTO,RTO,129252.905,False
1/20/2025 11:00:00 PM,1/20/2025 6:00:00 PM,RTO,RTO,RTO,RTO,132764.399,False
1/21/2025 12:00:00 AM,1/20/2025 7:00:00 PM,RTO,RTO,RTO,RTO,133091.040,False
1/21/2025 1:00:00 AM,1/20/2025 8:00:00 PM,RTO,RTO,RTO,RTO,132123.976,False
1/21/2025 2:00:00 AM,1/20/2025 9:00:00 PM,RTO,RTO,RTO,RTO,130303.020,False
1/21/2025 3:00:00 AM,1/20/2025 10:00:00 PM,RTO,RTO,RTO,RTO,127209.506,False
1/21/2025 4:00:00 AM,1/20/2025 11:00:00 PM,RTO,RTO,RTO,RTO,124406.539,False
1/21/2025 5:00:00 AM,1/21/2025 12:00:00 AM,RTO,RTO,RTO,RTO,122227.371,False
1/21/2025 6:00:00 AM,1/21/2025 1:00:00 AM,RTO,RTO,RTO,RTO,121193.492,False
1/21/2025 7:00:00 AM,1/21/2025 2:00:00 AM,RTO,RTO,RTO,RTO,120895.414,False
1/21/2025 8:00:00 AM,1/21/2025 3:00:00 AM,RTO,RTO,RTO,RTO,121471.159,False
1/21/2025 9:00:00 AM,1/21/2025 4:00:00 AM,RTO,RTO,RTO,RTO,123269.312,False
1/21/2025 10:00:00 AM,1/21/2025 5:00:00 AM,RTO,RTO,RTO,RTO,127748.948,False
1/21/2025 11:00:00 AM,1/21/2025 6:00:00 AM,RTO,RTO,RTO,RTO,133827.346,False
1/21/2025 12:00:00 PM,1/21/2025 7:00:00 AM,RTO,RTO,RTO,RTO,138357.650,False
1/21/2025 1:00:00 PM,1/21/2025 8:00:00 AM,RTO,RTO,RTO,RTO,139202.784,False
1/21/2025 2:00:00 PM,1/21/2025 9:00:00 AM,RTO,RTO,RTO,RTO,137111.236,False
1/21/2025 3:00:00 PM,1/21/2025 10:00:00 AM,RTO,RTO,RTO,RTO,134162.489,False
1/21/2025 4:00:00 PM,1/21/2025 11:00:00 AM,RTO,RTO,RTO,RTO,131528.257,False
1/21/2025 5:00:00 PM,1/21/2025 12:00:00 PM,RTO,RTO,RTO,RTO,130222.749,False
1/21/2025 6:00:00 PM,1/21/2025 1:00:00 PM,RTO,RTO,RTO,RTO,129309.048,False
1/21/2025 7:00:00 PM,1/21/2025 2:00:00 PM,RTO,RTO,RTO,RTO,129063.226,False
1/21/2025 8:00:00 PM,1/21/2025 3:00:00 PM,RTO,RTO,RTO,RTO,129609.264,False
1/21/2025 9:00:00 PM,1/21/2025 4:00:00 PM,RTO,RTO,RTO,RTO,131874.899,False
1/21/2025 10:00:00 PM,1/21/2025 5:00:00 PM,RTO,RTO,RTO,RTO,136535.392,False
1/21/2025 11:00:00 PM,1/21/2025 6:00:00 PM,RTO,RTO,RTO,RTO,138368.829,False
1/22/2025 12:00:00 AM,1/21/2025 7:00:00 PM,RTO,RTO,RTO,RTO,137660.228,False
1/22/2025 1:00:00 AM,1/21/2025 8:00:00 PM,RTO,RTO,RTO,RTO,136481.276,False
1/22/2025 2:00:00 AM,1/21/2025 9:00:00 PM,RTO,RTO,RTO,RTO,133970.631,False
1/22/2025 3:00:00 AM,1/21/2025 10:00:00 PM,RTO,RTO,RTO,RTO,130008.549,False
1/22/2025 4:00:00 AM,1/21/2025 11:00:00 PM,RTO,RTO,RTO,RTO,126666.551,False
1/22/2025 5:00:00 AM,1/22/2025 12:00:00 AM,RTO,RTO,RTO,RTO,125188.462,False
1/22/2025 6:00:00 AM,1/22/2025 1:00:00 AM,RTO,RTO,RTO,RTO,124178.982,False
1/22/2025 7:00:00 AM,1/22/2025 2:00:00 AM,RTO,RTO,RTO,RTO,124254.060,False
1/22/2025 8:00:00 AM,1/22/2025 3:00:00 AM,RTO,RTO,RTO,RTO,125060.801,False
1/22/2025 9:00:00 AM,1/22/2025 4:00:00 AM,RTO,RTO,RTO,RTO,127045.884,False
1/22/2025 10:00:00 AM,1/22/2025 5:00:00 AM,RTO,RTO,RTO,RTO,131435.389,False
1/22/2025 11:00:00 AM,1/22/2025 6:00:00 AM,RTO,RTO,RTO,RTO,137563.247,False
1/22/2025 12:00:00 PM,1/22/2025 7:00:00 AM,RTO,RTO,RTO,RTO,142537.368,False
1/22/2025 1:00:00 PM,1/22/2025 8:00:00 AM,RTO,RTO,RTO,RTO,143718.718,False
1/22/2025 2:00:00 PM,1/22/2025 9:00:00 AM,RTO,RTO,RTO,RTO,141249.246,False
1/22/2025 3:00:00 PM,1/22/2025 10:00:00 AM,RTO,RTO,RTO,RTO,137099.728,False
1/22/2025 4:00:00 PM,1/22/2025 11:00:00 AM,RTO,RTO,RTO,RTO,132923.427,False
1/22/2025 5:00:00 PM,1/22/2025 12:00:00 PM,RTO,RTO,RTO,RTO,129463.614,False
1/22/2025 6:00:00 PM,1/22/2025 1:00:00 PM,RTO,RTO,RTO,RTO,126455.656,False
1/22/2025 7:00:00 PM,1/22/2025 2:00:00 PM,RTO,RTO,RTO,RTO,124178.634,False
1/22/2025 8:00:00 PM,1/22/2025 3:00:00 PM,RTO,RTO,RTO,RTO,124096.864,False
1/22/2025 9:00:00 PM,1/22/2025 4:00:00 PM,RTO,RTO,RTO,RTO,127460.092,False
1/22/2025 10:00:00 PM,1/22/2025 5:00:00 PM,RTO,RTO,RTO,RTO,133129.902,False
1/22/2025 11:00:00 PM,1/22/2025 6:00:00 PM,RTO,RTO,RTO,RTO,136193.725,False
1/23/2025 12:00:00 AM,1/22/2025 7:00:00 PM,RTO,RTO,RTO,RTO,136109.483,False
1/23/2025 1:00:00 AM,1/22/2025 8:00:00 PM,RTO,RTO,RTO,RTO,135057.004,False
1/23/2025 2:00:00 AM,1/22/2025 9:00:00 PM,RTO,RTO,RTO,RTO,132538.532,False
1/23/2025 3:00:00 AM,1/22/2025 10:00:00 PM,RTO,RTO,RTO,RTO,128241.409,False
1/23/2025 4:00:00 AM,1/22/2025 11:00:00 PM,RTO,RTO,RTO,RTO,124476.756,False
1/23/2025 5:00:00 AM,1/23/2025 12:00:00 AM,RTO,RTO,RTO,RTO,122009.929,False
1/23/2025 6:00:00 AM,1/23/2025 1:00:00 AM,RTO,RTO,RTO,RTO,121024.674,False
1/23/2025 7:00:00 AM,1/23/2025 2:00:00 AM,RTO,RTO,RTO,RTO,120885.694,False
1/23/2025 8:00:00 AM,1/23/2025 3:00:00 AM,RTO,RTO,RTO,RTO,121471.943,False
1/23/2025 9:00:00 AM,1/23/2025 4:00:00 AM,RTO,RTO,RTO,RTO,123419.870,False
1/23/2025 10:00:00 AM,1/23/2025 5:00:00 AM,RTO,RTO,RTO,RTO,127808.465,False
1/23/2025 11:00:00 AM,1/23/2025 6:00:00 AM,RTO,RTO,RTO,RTO,134411.168,False
1/23/2025 12:00:00 PM,1/23/2025 7:00:00 AM,RTO,RTO,RTO,RTO,138799.634,False
1/23/2025 1:00:00 PM,1/23/2025 8:00:00 AM,RTO,RTO,RTO,RTO,138147.904,False
1/23/2025 2:00:00 PM,1/23/2025 9:00:00 AM,RTO,RTO,RTO,RTO,133966.975,False
1/23/2025 3:00:00 PM,1/23/2025 10:00:00 AM,RTO,RTO,RTO,RTO,129277.242,False
1/23/2025 4:00:00 PM,1/23/2025 11:00:00 AM,RTO,RTO,RTO,RTO,125120.751,False
1/23/2025 5:00:00 PM,1/23/2025 12:00:00 PM,RTO,RTO,RTO,RTO,121635.705,False
1/23/2025 6:00:00 PM,1/23/2025 1:00:00 PM,RTO,RTO,RTO,RTO,119040.469,False
1/23/2025 7:00:00 PM,1/23/2025 2:00:00 PM,RTO,RTO,RTO,RTO,117070.390,False
1/23/2025 8:00:00 PM,1/23/2025 3:00:00 PM,RTO,RTO,RTO,RTO,116651.909,False
1/23/2025 9:00:00 PM,1/23/2025 4:00:00 PM,RTO,RTO,RTO,RTO,118905.034,False
1/23/2025 10:00:00 PM,1/23/2025 5:00:00 PM,RTO,RTO,RTO,RTO,123829.933,False
1/23/2025 11:00:00 PM,1/23/2025 6:00:00 PM,RTO,RTO,RTO,RTO,126599.967,False
1/24/2025 12:00:00 AM,1/23/2025 7:00:00 PM,RTO,RTO,RTO,RTO,126291.438,False
1/24/2025 1:00:00 AM,1/23/2025 8:00:00 PM,RTO,RTO,RTO,RTO,125130.489,False
1/24/2025 2:00:00 AM,1/23/2025 9:00:00 PM,RTO,RTO,RTO,RTO,122612.553,False
1/24/2025 3:00:00 AM,1/23/2025 10:00:00 PM,RTO,RTO,RTO,RTO,118562.838,False
1/24/2025 4:00:00 AM,1/23/2025 11:00:00 PM,RTO,RTO,RTO,RTO,114955.051,False
1/24/2025 5:00:00 AM,1/24/2025 12:00:00 AM,RTO,RTO,RTO,RTO,112476.197,False
1/24/2025 6:00:00 AM,1/24/2025 1:00:00 AM,RTO,RTO,RTO,RTO,111294.436,False
1/24/2025 7:00:00 AM,1/24/2025 2:00:00 AM,RTO,RTO,RTO,RTO,111097.551,False
1/24/2025 8:00:00 AM,1/24/2025 3:00:00 AM,RTO,RTO,RTO,RTO,111870.743,False
1/24/2025 9:00:00 AM,1/24/2025 4:00:00 AM,RTO,RTO,RTO,RTO,113954.955,False
1/24/2025 10:00:00 AM,1/24/2025 5:00:00 AM,RTO,RTO,RTO,RTO,118242.800,False
1/24/2025 11:00:00 AM,1/24/2025 6:00:00 AM,RTO,RTO,RTO,RTO,124779.779,False
1/24/2025 12:00:00 PM,1/24/2025 7:00:00 AM,RTO,RTO,RTO,RTO,129225.426,False
1/24/2025 1:00:00 PM,1/24/2025 8:00:00 AM,RTO,RTO,RTO,RTO,128527.179,False
1/24/2025 2:00:00 PM,1/24/2025 9:00:00 AM,RTO,RTO,RTO,RTO,123661.381,False
1/24/2025 3:00:00 PM,1/24/2025 10:00:00 AM,RTO,RTO,RTO,RTO,118466.049,False
1/24/2025 4:00:00 PM,1/24/2025 11:00:00 AM,RTO,RTO,RTO,RTO,114701.622,False
1/24/2025 5:00:00 PM,1/24/2025 12:00:00 PM,RTO,RTO,RTO,RTO,112266.540,False
1/24/2025 6:00:00 PM,1/24/2025 1:00:00 PM,RTO,RTO,RTO,RTO,111000.950,False
1/24/2025 7:00:00 PM,1/24/2025 2:00:00 PM,RTO,RTO,RTO,RTO,110415.461,False
1/24/2025 8:00:00 PM,1/24/2025 3:00:00 PM,RTO,RTO,RTO,RTO,111055.040,False
1/24/2025 9:00:00 PM,1/24/2025 4:00:00 PM,RTO,RTO,RTO,RTO,113714.087,False
1/24/2025 10:00:00 PM,1/24/2025 5:00:00 PM,RTO,RTO,RTO,RTO,118371.430,False
1/24/2025 11:00:00 PM,1/24/2025 6:00:00 PM,RTO,RTO,RTO,RTO,120912.564,False
1/25/2025 12:00:00 AM,1/24/2025 7:00:00 PM,RTO,RTO,RTO,RTO,120774.714,False
1/25/2025 1:00:00 AM,1/24/2025 8:00:00 PM,RTO,RTO,RTO,RTO,120007.299,False
1/25/2025 2:00:00 AM,1/24/2025 9:00:00 PM,RTO,RTO,RTO,RTO,118686.467,False
1/25/2025 3:00:00 AM,1/24/2025 10:00:00 PM,RTO,RTO,RTO,RTO,115988.300,False
1/25/2025 4:00:00 AM,1/24/2025 11:00:00 PM,RTO,RTO,RTO,RTO,113189.938,False
1/25/2025 5:00:00 AM,1/25/2025 12:00:00 AM,RTO,RTO,RTO,RTO,111066.572,False
1/25/2025 6:00:00 AM,1/25/2025 1:00:00 AM,RTO,RTO,RTO,RTO,110145.828,False
1/25/2025 7:00:00 AM,1/25/2025 2:00:00 AM,RTO,RTO,RTO,RTO,109844.763,False
1/25/2025 8:00:00 AM,1/25/2025 3:00:00 AM,RTO,RTO,RTO,RTO,110119.035,False
1/25/2025 9:00:00 AM,1/25/2025 4:00:00 AM,RTO,RTO,RTO,RTO,111517.729,False
1/25/2025 10:00:00 AM,1/25/2025 5:00:00 AM,RTO,RTO,RTO,RTO,113870.350,False
1/25/2025 11:00:00 AM,1/25/2025 6:00:00 AM,RTO,RTO,RTO,RTO,117115.385,False
1/25/2025 12:00:00 PM,1/25/2025 7:00:00 AM,RTO,RTO,RTO,RTO,120138.631,False
1/25/2025 1:00:00 PM,1/25/2025 8:00:00 AM,RTO,RTO,RTO,RTO,120009.486,False
1/25/2025 2:00:00 PM,1/25/2025 9:00:00 AM,RTO,RTO,RTO,RTO,115592.960,False
1/25/2025 3:00:00 PM,1/25/2025 10:00:00 AM,RTO,RTO,RTO,RTO,110837.279,False
1/25/2025 4:00:00 PM,1/25/2025 11:00:00 AM,RTO,RTO,RTO,RTO,106752.487,False
1/25/2025 5:00:00 PM,1/25/2025 12:00:00 PM,RTO,RTO,RTO,RTO,103334.875,False
1/25/2025 6:00:00 PM,1/25/2025 1:00:00 PM,RTO,RTO,RTO,RTO,101036.432,False
1/25/2025 7:00:00 PM,1/25/2025 2:00:00 PM,RTO,RTO,RTO,RTO,99692.162,False
1/25/2025 8:00:00 PM,1/25/2025 3:00:00 PM,RTO,RTO,RTO,RTO,99893.300,False
1/25/2025 9:00:00 PM,1/25/2025 4:00:00 PM,RTO,RTO,RTO,RTO,102709.662,False
1/25/2025 10:00:00 PM,1/25/2025 5:00:00 PM,RTO,RTO,RTO,RTO,107489.197,False
1/25/2025 11:00:00 PM,1/25/2025 6:00:00 PM,RTO,RTO,RTO,RTO,110441.474,False
1/26/2025 12:00:00 AM,1/25/2025 7:00:00 PM,RTO,RTO,RTO,RTO,110344.882,False
1/26/2025 1:00:00 AM,1/25/2025 8:00:00 PM,RTO,RTO,RTO,RTO,109122.551,False
1/26/2025 2:00:00 AM,1/25/2025 9:00:00 PM,RTO,RTO,RTO,RTO,107283.565,False
1/26/2025 3:00:00 AM,1/25/2025 10:00:00 PM,RTO,RTO,RTO,RTO,104245.448,False
1/26/2025 4:00:00 AM,1/25/2025 11:00:00 PM,RTO,RTO,RTO,RTO,101190.707,False
1/26/2025 5:00:00 AM,1/26/2025 12:00:00 AM,RTO,RTO,RTO,RTO,98723.082,False
1/26/2025 6:00:00 AM,1/26/2025 1:00:00 AM,RTO,RTO,RTO,RTO,96921.439,False
1/26/2025 7:00:00 AM,1/26/2025 2:00:00 AM,RTO,RTO,RTO,RTO,95800.093,False
1/26/2025 8:00:00 AM,1/26/2025 3:00:00 AM,RTO,RTO,RTO,RTO,95525.301,False
1/26/2025 9:00:00 AM,1/26/2025 4:00:00 AM,RTO,RTO,RTO,RTO,95775.242,False
1/26/2025 10:00:00 AM,1/26/2025 5:00:00 AM,RTO,RTO,RTO,RTO,96722.011,False
1/26/2025 11:00:00 AM,1/26/2025 6:00:00 AM,RTO,RTO,RTO,RTO,98714.333,False
1/26/2025 12:00:00 PM,1/26/2025 7:00:00 AM,RTO,RTO,RTO,RTO,101069.083,False
1/26/2025 1:00:00 PM,1/26/2025 8:00:00 AM,RTO,RTO,RTO,RTO,103079.281,False
1/26/2025 2:00:00 PM,1/26/2025 9:00:00 AM,RTO,RTO,RTO,RTO,102661.970,False
1/26/2025 3:00:00 PM,1/26/2025 10:00:00 AM,RTO,RTO,RTO,RTO,100845.541,False
1/26/2025 4:00:00 PM,1/26/2025 11:00:00 AM,RTO,RTO,RTO,RTO,98684.097,False
1/26/2025 5:00:00 PM,1/26/2025 12:00:00 PM,RTO,RTO,RTO,RTO,96764.901,False
1/26/2025 6:00:00 PM,1/26/2025 1:00:00 PM,RTO,RTO,RTO,RTO,95051.212,False
1/26/2025 7:00:00 PM,1/26/2025 2:00:00 PM,RTO,RTO,RTO,RTO,94451.709,False
1/26/2025 8:00:00 PM,1/26/2025 3:00:00 PM,RTO,RTO,RTO,RTO,94487.935,False
1/26/2025 9:00:00 PM,1/26/2025 4:00:00 PM,RTO,RTO,RTO,RTO,96943.311,False
1/26/2025 10:00:00 PM,1/26/2025 5:00:00 PM,RTO,RTO,RTO,RTO,102255.993,False
1/26/2025 11:00:00 PM,1/26/2025 6:00:00 PM,RTO,RTO,RTO,RTO,106261.087,False
1/27/2025 12:00:00 AM,1/26/2025 7:00:00 PM,RTO,RTO,RTO,RTO,107542.908,False
1/27/2025 1:00:00 AM,1/26/2025 8:00:00 PM,RTO,RTO,RTO,RTO,107260.991,False
1/27/2025 2:00:00 AM,1/26/2025 9:00:00 PM,RTO,RTO,RTO,RTO,105296.687,False
1/27/2025 3:00:00 AM,1/26/2025 10:00:00 PM,RTO,RTO,RTO,RTO,102500.807,False
1/27/2025 4:00:00 AM,1/26/2025 11:00:00 PM,RTO,RTO,RTO,RTO,99452.546,False
1/27/2025 5:00:00 AM,1/27/2025 12:00:00 AM,RTO,RTO,RTO,RTO,97532.036,False
1/27/2025 6:00:00 AM,1/27/2025 1:00:00 AM,RTO,RTO,RTO,RTO,96670.265,False
1/27/2025 7:00:00 AM,1/27/2025 2:00:00 AM,RTO,RTO,RTO,RTO,96699.232,False
1/27/2025 8:00:00 AM,1/27/2025 3:00:00 AM,RTO,RTO,RTO,RTO,97576.888,False
1/27/2025 9:00:00 AM,1/27/2025 4:00:00 AM,RTO,RTO,RTO,RTO,99937.793,False
1/27/2025 10:00:00 AM,1/27/2025 5:00:00 AM,RTO,RTO,RTO,RTO,105050.957,False
1/27/2025 11:00:00 AM,1/27/2025 6:00:00 AM,RTO,RTO,RTO,RTO,112646.987,False
1/27/2025 12:00:00 PM,1/27/2025 7:00:00 AM,RTO,RTO,RTO,RTO,118078.894,False
1/27/2025 1:00:00 PM,1/27/2025 8:00:00 AM,RTO,RTO,RTO,RTO,116940.404,False
1/27/2025 2:00:00 PM,1/27/2025 9:00:00 AM,RTO,RTO,RTO,RTO,111539.005,False
1/27/2025 3:00:00 PM,1/27/2025 10:00:00 AM,RTO,RTO,RTO,RTO,106527.863,False
1/27/2025 4:00:00 PM,1/27/2025 11:00:00 AM,RTO,RTO,RTO,RTO,103014.469,False
1/27/2025 5:00:00 PM,1/27/2025 12:00:00 PM,RTO,RTO,RTO,RTO,100556.200,False
1/27/2025 6:00:00 PM,1/27/2025 1:00:00 PM,RTO,RTO,RTO,RTO,98814.085,False
1/27/2025 7:00:00 PM,1/27/2025 2:00:00 PM,RTO,RTO,RTO,RTO,97781.151,False
1/27/2025 8:00:00 PM,1/27/2025 3:00:00 PM,RTO,RTO,RTO,RTO,98485.441,False
1/27/2025 9:00:00 PM,1/27/2025 4:00:00 PM,RTO,RTO,RTO,RTO,101643.451,False
1/27/2025 10:00:00 PM,1/27/2025 5:00:00 PM,RTO,RTO,RTO,RTO,107303.392,False
1/27/2025 11:00:00 PM,1/27/2025 6:00:00 PM,RTO,RTO,RTO,RTO,111064.814,False
1/28/2025 12:00:00 AM,1/27/2025 7:00:00 PM,RTO,RTO,RTO,RTO,111136.150,False
1/28/2025 1:00:00 AM,1/27/2025 8:00:00 PM,RTO,RTO,RTO,RTO,109993.983,False
1/28/2025 2:00:00 AM,1/27/2025 9:00:00 PM,RTO,RTO,RTO,RTO,107312.743,False
1/28/2025 3:00:00 AM,1/27/2025 10:00:00 PM,RTO,RTO,RTO,RTO,102860.511,False
1/28/2025 4:00:00 AM,1/27/2025 11:00:00 PM,RTO,RTO,RTO,RTO,98549.989,False
1/28/2025 5:00:00 AM,1/28/2025 12:00:00 AM,RTO,RTO,RTO,RTO,95815.127,False
1/28/2025 6:00:00 AM,1/28/2025 1:00:00 AM,RTO,RTO,RTO,RTO,94047.656,False
1/28/2025 7:00:00 AM,1/28/2025 2:00:00 AM,RTO,RTO,RTO,RTO,93244.542,False
1/28/2025 8:00:00 AM,1/28/2025 3:00:00 AM,RTO,RTO,RTO,RTO,93121.701,False
1/28/2025 9:00:00 AM,1/28/2025 4:00:00 AM,RTO,RTO,RTO,RTO,94736.270,False
1/28/2025 10:00:00 AM,1/28/2025 5:00:00 AM,RTO,RTO,RTO,RTO,99179.333,False
1/28/2025 11:00:00 AM,1/28/2025 6:00:00 AM,RTO,RTO,RTO,RTO,106080.584,False
1/28/2025 12:00:00 PM,1/28/2025 7:00:00 AM,RTO,RTO,RTO,RTO,110230.846,False
1/28/2025 1:00:00 PM,1/28/2025 8:00:00 AM,RTO,RTO,RTO,RTO,108870.445,False
1/28/2025 2:00:00 PM,1/28/2025 9:00:00 AM,RTO,RTO,RTO,RTO,104899.348,False
1/28/2025 3:00:00 PM,1/28/2025 10:00:00 AM,RTO,RTO,RTO,RTO,101785.540,False
1/28/2025 4:00:00 PM,1/28/2025 11:00:00 AM,RTO,RTO,RTO,RTO,99121.608,False
1/28/2025 5:00:00 PM,1/28/2025 12:00:00 PM,RTO,RTO,RTO,RTO,96979.132,False
1/28/2025 6:00:00 PM,1/28/2025 1:00:00 PM,RTO,RTO,RTO,RTO,95450.958,False
1/28/2025 7:00:00 PM,1/28/2025 2:00:00 PM,RTO,RTO,RTO,RTO,94408.057,False
1/28/2025 8:00:00 PM,1/28/2025 3:00:00 PM,RTO,RTO,RTO,RTO,94834.510,False
1/28/2025 9:00:00 PM,1/28/2025 4:00:00 PM,RTO,RTO,RTO,RTO,97702.309,False
1/28/2025 10:00:00 PM,1/28/2025 5:00:00 PM,RTO,RTO,RTO,RTO,102821.918,False
1/28/2025 11:00:00 PM,1/28/2025 6:00:00 PM,RTO,RTO,RTO,RTO,106666.347,False
1/29/2025 12:00:00 AM,1/28/2025 7:00:00 PM,RTO,RTO,RTO,RTO,107051.123,False
1/29/2025 1:00:00 AM,1/28/2025 8:00:00 PM,RTO,RTO,RTO,RTO,105939.415,False
1/29/2025 2:00:00 AM,1/28/2025 9:00:00 PM,RTO,RTO,RTO,RTO,103186.157,False
1/29/2025 3:00:00 AM,1/28/2025 10:00:00 PM,RTO,RTO,RTO,RTO,98772.173,False
1/29/2025 4:00:00 AM,1/28/2025 11:00:00 PM,RTO,RTO,RTO,RTO,94660.018,False
1/29/2025 5:00:00 AM,1/29/2025 12:00:00 AM,RTO,RTO,RTO,RTO,91371.863,False
1/29/2025 6:00:00 AM,1/29/2025 1:00:00 AM,RTO,RTO,RTO,RTO,89440.363,False
1/29/2025 7:00:00 AM,1/29/2025 2:00:00 AM,RTO,RTO,RTO,RTO,88522.880,False
1/29/2025 8:00:00 AM,1/29/2025 3:00:00 AM,RTO,RTO,RTO,RTO,88571.890,False
1/29/2025 9:00:00 AM,1/29/2025 4:00:00 AM,RTO,RTO,RTO,RTO,90134.113,False
1/29/2025 10:00:00 AM,1/29/2025 5:00:00 AM,RTO,RTO,RTO,RTO,94435.099,False
1/29/2025 11:00:00 AM,1/29/2025 6:00:00 AM,RTO,RTO,RTO,RTO,101470.223,False
1/29/2025 12:00:00 PM,1/29/2025 7:00:00 AM,RTO,RTO,RTO,RTO,105741.797,False
1/29/2025 1:00:00 PM,1/29/2025 8:00:00 AM,RTO,RTO,RTO,RTO,103677.925,False
1/29/2025 2:00:00 PM,1/29/2025 9:00:00 AM,RTO,RTO,RTO,RTO,99427.860,False
1/29/2025 3:00:00 PM,1/29/2025 10:00:00 AM,RTO,RTO,RTO,RTO,95834.612,False
1/29/2025 4:00:00 PM,1/29/2025 11:00:00 AM,RTO,RTO,RTO,RTO,93687.617,False
1/29/2025 5:00:00 PM,1/29/2025 12:00:00 PM,RTO,RTO,RTO,RTO,92846.453,False
1/29/2025 6:00:00 PM,1/29/2025 1:00:00 PM,RTO,RTO,RTO,RTO,91842.670,False
1/29/2025 7:00:00 PM,1/29/2025 2:00:00 PM,RTO,RTO,RTO,RTO,91452.878,False
1/29/2025 8:00:00 PM,1/29/2025 3:00:00 PM,RTO,RTO,RTO,RTO,92128.641,False
1/29/2025 9:00:00 PM,1/29/2025 4:00:00 PM,RTO,RTO,RTO,RTO,94795.469,False
1/29/2025 10:00:00 PM,1/29/2025 5:00:00 PM,RTO,RTO,RTO,RTO,99471.649,False
1/29/2025 11:00:00 PM,1/29/2025 6:00:00 PM,RTO,RTO,RTO,RTO,102974.152,False
1/30/2025 12:00:00 AM,1/29/2025 7:00:00 PM,RTO,RTO,RTO,RTO,103286.920,False
1/30/2025 1:00:00 AM,1/29/2025 8:00:00 PM,RTO,RTO,RTO,RTO,102389.073,False
1/30/2025 2:00:00 AM,1/29/2025 9:00:00 PM,RTO,RTO,RTO,RTO,100057.027,False
1/30/2025 3:00:00 AM,1/29/2025 10:00:00 PM,RTO,RTO,RTO,RTO,96415.495,False
1/30/2025 4:00:00 AM,1/29/2025 11:00:00 PM,RTO,RTO,RTO,RTO,93017.982,False
1/30/2025 5:00:00 AM,1/30/2025 12:00:00 AM,RTO,RTO,RTO,RTO,90997.691,False
1/30/2025 6:00:00 AM,1/30/2025 1:00:00 AM,RTO,RTO,RTO,RTO,89964.524,False
1/30/2025 7:00:00 AM,1/30/2025 2:00:00 AM,RTO,RTO,RTO,RTO,89923.198,False
1/30/2025 8:00:00 AM,1/30/2025 3:00:00 AM,RTO,RTO,RTO,RTO,90680.070,False
1/30/2025 9:00:00 AM,1/30/2025 4:00:00 AM,RTO,RTO,RTO,RTO,93146.751,False
1/30/2025 10:00:00 AM,1/30/2025 5:00:00 AM,RTO,RTO,RTO,RTO,98635.063,False
1/30/2025 11:00:00 AM,1/30/2025 6:00:00 AM,RTO,RTO,RTO,RTO,106605.126,False
1/30/2025 12:00:00 PM,1/30/2025 7:00:00 AM,RTO,RTO,RTO,RTO,111625.231,False
1/30/2025 1:00:00 PM,1/30/2025 8:00:00 AM,RTO,RTO,RTO,RTO,109740.431,False
1/30/2025 2:00:00 PM,1/30/2025 9:00:00 AM,RTO,RTO,RTO,RTO,104528.573,False
1/30/2025 3:00:00 PM,1/30/2025 10:00:00 AM,RTO,RTO,RTO,RTO,100401.128,False
1/30/2025 4:00:00 PM,1/30/2025 11:00:00 AM,RTO,RTO,RTO,RTO,97174.979,False
1/30/2025 5:00:00 PM,1/30/2025 12:00:00 PM,RTO,RTO,RTO,RTO,95115.615,False
1/30/2025 6:00:00 PM,1/30/2025 1:00:00 PM,RTO,RTO,RTO,RTO,93881.368,False
1/30/2025 7:00:00 PM,1/30/2025 2:00:00 PM,RTO,RTO,RTO,RTO,93686.318,False
1/30/2025 8:00:00 PM,1/30/2025 3:00:00 PM,RTO,RTO,RTO,RTO,94925.648,False
1/30/2025 9:00:00 PM,1/30/2025 4:00:00 PM,RTO,RTO,RTO,RTO,97901.310,False
1/30/2025 10:00:00 PM,1/30/2025 5:00:00 PM,RTO,RTO,RTO,RTO,102303.094,False
1/30/2025 11:00:00 PM,1/30/2025 6:00:00 PM,RTO,RTO,RTO,RTO,104503.155,False
1/31/2025 12:00:00 AM,1/30/2025 7:00:00 PM,RTO,RTO,RTO,RTO,103914.247,False
1/31/2025 1:00:00 AM,1/30/2025 8:00:00 PM,RTO,RTO,RTO,RTO,102365.330,False
1/31/2025 2:00:00 AM,1/30/2025 9:00:00 PM,RTO,RTO,RTO,RTO,99363.600,False
1/31/2025 3:00:00 AM,1/30/2025 10:00:00 PM,RTO,RTO,RTO,RTO,94729.942,False
1/31/2025 4:00:00 AM,1/30/2025 11:00:00 PM,RTO,RTO,RTO,RTO,90157.957,False
1/31/2025 5:00:00 AM,1/31/2025 12:00:00 AM,RTO,RTO,RTO,RTO,87031.405,False
1/31/2025 6:00:00 AM,1/31/2025 1:00:00 AM,RTO,RTO,RTO,RTO,85073.461,False
1/31/2025 7:00:00 AM,1/31/2025 2:00:00 AM,RTO,RTO,RTO,RTO,84045.994,False
1/31/2025 8:00:00 AM,1/31/2025 3:00:00 AM,RTO,RTO,RTO,RTO,83925.306,False
1/31/2025 9:00:00 AM,1/31/2025 4:00:00 AM,RTO,RTO,RTO,RTO,85197.716,False
1/31/2025 10:00:00 AM,1/31/2025 5:00:00 AM,RTO,RTO,RTO,RTO,88971.693,False
1/31/2025 11:00:00 AM,1/31/2025 6:00:00 AM,RTO,RTO,RTO,RTO,95277.804,False
1/31/2025 12:00:00 PM,1/31/2025 7:00:00 AM,RTO,RTO,RTO,RTO,99569.509,False
1/31/2025 1:00:00 PM,1/31/2025 8:00:00 AM,RTO,RTO,RTO,RTO,100977.909,False
1/31/2025 2:00:00 PM,1/31/2025 9:00:00 AM,RTO,RTO,RTO,RTO,101424.529,False
1/31/2025 3:00:00 PM,1/31/2025 10:00:00 AM,RTO,RTO,RTO,RTO,101336.752,False
1/31/2025 4:00:00 PM,1/31/2025 11:00:00 AM,RTO,RTO,RTO,RTO,100770.180,False
1/31/2025 5:00:00 PM,1/31/2025 12:00:00 PM,RTO,RTO,RTO,RTO,100045.055,False
1/31/2025 6:00:00 PM,1/31/2025 1:00:00 PM,RTO,RTO,RTO,RTO,98807.405,False
1/31/2025 7:00:00 PM,1/31/2025 2:00:00 PM,RTO,RTO,RTO,RTO,97398.597,False
1/31/2025 8:00:00 PM,1/31/2025 3:00:00 PM,RTO,RTO,RTO,RTO,96621.207,False
1/31/2025 9:00:00 PM,1/31/2025 4:00:00 PM,RTO,RTO,RTO,RTO,97063.388,False
1/31/2025 10:00:00 PM,1/31/2025 5:00:00 PM,RTO,RTO,RTO,RTO,98600.135,False
1/31/2025 11:00:00 PM,1/31/2025 6:00:00 PM,RTO,RTO,RTO,RTO,98996.243,False
2/1/2025 12:00:00 AM,1/31/2025 7:00:00 PM,RTO,RTO,RTO,RTO,97467.663,False
2/1/2025 1:00:00 AM,1/31/2025 8:00:00 PM,RTO,RTO,RTO,RTO,95563.845,False
2/1/2025 2:00:00 AM,1/31/2025 9:00:00 PM,RTO,RTO,RTO,RTO,92902.920,False
2/1/2025 3:00:00 AM,1/31/2025 10:00:00 PM,RTO,RTO,RTO,RTO,89301.218,False
2/1/2025 4:00:00 AM,1/31/2025 11:00:00 PM,RTO,RTO,RTO,RTO,85590.824,False
