timestamp,load_mw,temperature_c,dew_point_c,wind_speed_mps,relative_humidity_pct,precipitation_mm
2025-01-01 05:00:00+00:00,79083.837,0.22000000000000003,0.03666666666666667,0.7533333333333333,8.833333333333334,0.0
2025-01-01 06:00:00+00:00,77793.949,0.22000000000000003,0.0,0.82,8.6,0.0
2025-01-01 07:00:00+00:00,76663.734,0.18333333333333335,-0.036666666666666674,0.7533333333333333,8.566666666666666,0.0
2025-01-01 08:00:00+00:00,76170.524,0.14666666666666667,-0.07333333333333335,0.6866666666666666,8.533333333333333,0.0
2025-01-01 09:00:00+00:00,76491.775,0.11000000000000001,-0.11000000000000001,0.62,8.5,0.0
2025-01-01 10:00:00+00:00,77948.352,0.053333333333333344,-0.16666666666666666,0.7233333333333334,8.5,0.0
2025-01-01 11:00:00+00:00,79972.996,-0.003333333333333327,-0.22333333333333333,0.8266666666666667,8.5,0.0
2025-01-01 12:00:00+00:00,81959.197,-0.06,-0.27999999999999997,0.93,8.5,0.0
2025-01-01 13:00:00+00:00,82847.662,-0.06,-0.3333333333333333,0.86,8.2,0.0
2025-01-01 14:00:00+00:00,83684.844,-0.06,-0.3866666666666667,0.79,7.8999999999999995,0.0
2025-01-01 15:00:00+00:00,85316.729,-0.06,-0.44000000000000006,0.72,7.6,0.0
2025-01-01 16:00:00+00:00,86873.435,-0.019999999999999997,-0.48000000000000004,0.7366666666666667,7.2,0.0
2025-01-01 17:00:00+00:00,88094.745,0.020000000000000004,-0.52,0.7533333333333333,6.8,0.0
2025-01-01 18:00:00+00:00,88680.001,0.06,-0.5599999999999999,0.77,6.4,0.0
2025-01-01 19:00:00+00:00,89401.027,0.06,-0.5766666666666667,0.8566666666666667,6.3,0.0
2025-01-01 20:00:00+00:00,90537.26,0.06,-0.5933333333333333,0.9433333333333334,6.2,0.0
2025-01-01 21:00:00+00:00,93918.301,0.06,-0.61,1.03,6.1,0.0
2025-01-01 22:00:00+00:00,98612.85,0.039999999999999994,-0.5933333333333333,0.9266666666666666,6.266666666666667,0.0
2025-01-01 23:00:00+00:00,99387.536,0.019999999999999997,-0.5766666666666667,0.8233333333333334,6.433333333333333,0.0
2025-01-02 00:00:00+00:00,98776.576,0.0,-0.5599999999999999,0.72,6.6,0.0
2025-01-02 01:00:00+00:00,97509.876,0.0,-0.52,0.65,6.833333333333333,0.0
2025-01-02 02:00:00+00:00,95731.999,0.0,-0.48000000000000004,0.58,7.066666666666666,0.0
2025-01-02 03:00:00+00:00,92605.786,0.0,-0.44000000000000006,0.51,7.3,0.0
2025-01-02 04:00:00+00:00,89669.83,-0.056666666666666664,-0.4966666666666667,0.49333333333333335,7.266666666666667,0.0
2025-01-02 05:00:00+00:00,87488.656,-0.11333333333333333,-0.5533333333333333,0.4766666666666666,7.233333333333333,0.0
2025-01-02 06:00:00+00:00,86333.078,-0.16999999999999998,-0.61,0.45999999999999996,7.2,0.0
2025-01-02 07:00:00+00:00,85880.984,-0.16999999999999998,-0.5733333333333334,0.45999999999999996,7.4,0.0
2025-01-02 08:00:00+00:00,86278.584,-0.16999999999999998,-0.5366666666666666,0.45999999999999996,7.6,0.0
2025-01-02 09:00:00+00:00,88022.761,-0.16999999999999998,-0.5,0.45999999999999996,7.8,0.0
2025-01-02 10:00:00+00:00,92518.389,-0.24333333333333335,-0.5566666666666666,0.41,7.8999999999999995,0.0
2025-01-02 11:00:00+00:00,99122.844,-0.31666666666666665,-0.6133333333333334,0.36,8.0,0.0
2025-01-02 12:00:00+00:00,104091.905,-0.39,-0.67,0.31,8.1,0.0
2025-01-02 13:00:00+00:00,104925.909,-0.31666666666666665,-0.6333333333333333,0.32666666666666666,7.8999999999999995,0.0
2025-01-02 14:00:00+00:00,103323.934,-0.24333333333333332,-0.5966666666666667,0.3433333333333333,7.7,0.0
2025-01-02 15:00:00+00:00,102148.891,-0.16999999999999998,-0.5599999999999999,0.36,7.5,0.0
2025-01-02 16:00:00+00:00,101204.67,-0.03999999999999998,-0.52,0.44666666666666666,7.066666666666666,0.0
2025-01-02 17:00:00+00:00,100851.021,0.09000000000000002,-0.48000000000000004,0.5333333333333333,6.633333333333334,0.0
2025-01-02 18:00:00+00:00,100495.184,0.22000000000000003,-0.44000000000000006,0.62,6.2,0.0
2025-01-02 19:00:00+00:00,100919.244,0.25666666666666665,-0.4233333333333334,0.5833333333333334,6.133333333333334,0.0
2025-01-02 20:00:00+00:00,102050.32,0.29333333333333333,-0.4066666666666667,0.5466666666666666,6.066666666666666,0.0
2025-01-02 21:00:00+00:00,104789.565,0.32999999999999996,-0.39,0.51,6.0,0.0
2025-01-02 22:00:00+00:00,109870.748,0.29333333333333333,-0.37,0.44333333333333336,6.233333333333333,0.0
2025-01-02 23:00:00+00:00,110838.613,0.25666666666666665,-0.35,0.3766666666666667,6.466666666666667,0.0
2025-01-03 00:00:00+00:00,110184.506,0.22000000000000003,-0.32999999999999996,0.31,6.7,0.0
2025-01-03 01:00:00+00:00,108915.129,0.22000000000000003,-0.3133333333333333,0.29333333333333333,6.8,0.0
2025-01-03 02:00:00+00:00,106006.614,0.22000000000000003,-0.29666666666666663,0.27666666666666667,6.9,0.0
2025-01-03 03:00:00+00:00,102192.367,0.22000000000000003,-0.27999999999999997,0.26,7.0,0.0
2025-01-03 04:00:00+00:00,98172.741,0.18333333333333335,-0.20666666666666667,0.3433333333333333,7.633333333333334,0.0
2025-01-03 05:00:00+00:00,95552.296,0.14666666666666667,-0.13333333333333333,0.42666666666666664,8.266666666666667,0.0
2025-01-03 06:00:00+00:00,93696.43,0.11000000000000001,-0.06,0.51,8.9,0.0
2025-01-03 07:00:00+00:00,93156.308,0.053333333333333344,-0.11333333333333334,0.65,8.9,0.0
2025-01-03 08:00:00+00:00,93376.007,-0.003333333333333327,-0.16666666666666669,0.79,8.9,0.0
2025-01-03 09:00:00+00:00,95123.063,-0.06,-0.22000000000000003,0.93,8.9,0.0
2025-01-03 10:00:00+00:00,98739.377,-0.16999999999999998,-0.40666666666666673,0.8266666666666667,8.433333333333334,0.0
2025-01-03 11:00:00+00:00,104494.222,-0.28,-0.5933333333333334,0.7233333333333334,7.966666666666667,0.0
2025-01-03 12:00:00+00:00,109228.633,-0.39,-0.78,0.62,7.5,0.0
2025-01-03 13:00:00+00:00,110218.562,-0.4266666666666667,-0.8333333333333334,0.7066666666666667,7.4,0.0
2025-01-03 14:00:00+00:00,108532.149,-0.4633333333333333,-0.8866666666666667,0.7933333333333334,7.3,0.0
2025-01-03 15:00:00+00:00,106889.37,-0.5,-0.9400000000000001,0.8800000000000001,7.2,0.0
2025-01-03 16:00:00+00:00,106035.352,-0.42666666666666664,-0.9033333333333334,0.8433333333333334,7.0,0.0
2025-01-03 17:00:00+00:00,105449.541,-0.3533333333333333,-0.8666666666666667,0.8066666666666668,6.8,0.0
2025-01-03 18:00:00+00:00,105177.574,-0.27999999999999997,-0.8300000000000001,0.77,6.6,0.0
2025-01-03 19:00:00+00:00,105379.504,-0.27999999999999997,-0.9066666666666667,0.8400000000000001,6.233333333333333,0.0
2025-01-03 20:00:00+00:00,106599.982,-0.27999999999999997,-0.9833333333333334,0.91,5.866666666666666,0.0
2025-01-03 21:00:00+00:00,109259.433,-0.27999999999999997,-1.06,0.9800000000000001,5.5,0.0
2025-01-03 22:00:00+00:00,113543.573,-0.3733333333333333,-1.0766666666666667,0.8233333333333334,5.866666666666666,0.0
2025-01-03 23:00:00+00:00,114343.397,-0.4666666666666666,-1.0933333333333333,0.6666666666666667,6.233333333333333,0.0
2025-01-04 00:00:00+00:00,113491.069,-0.5599999999999999,-1.1099999999999999,0.51,6.6,0.0
2025-01-04 01:00:00+00:00,112602.806,-0.5966666666666667,-1.13,0.58,6.666666666666666,0.0
2025-01-04 02:00:00+00:00,110585.361,-0.6333333333333333,-1.15,0.65,6.733333333333333,0.0
2025-01-04 03:00:00+00:00,107595.472,-0.67,-1.17,0.72,6.8,0.0
2025-01-04 04:00:00+00:00,104188.856,-0.7233333333333334,-1.17,0.67,7.1,0.0
2025-01-04 05:00:00+00:00,101390.807,-0.7766666666666667,-1.17,0.62,7.4,0.0
2025-01-04 06:00:00+00:00,99657.445,-0.8300000000000001,-1.17,0.5700000000000001,7.7,0.0
2025-01-04 07:00:00+00:00,98712.75,-0.8666666666666667,-1.1866666666666665,0.5,7.8,0.0
2025-01-04 08:00:00+00:00,98618.605,-0.9033333333333334,-1.2033333333333334,0.43000000000000005,7.9,0.0
2025-01-04 09:00:00+00:00,99440.122,-0.9400000000000001,-1.22,0.36,8.0,0.0
2025-01-04 10:00:00+00:00,101464.568,-0.9600000000000001,-1.24,0.3933333333333333,8.0,0.0
2025-01-04 11:00:00+00:00,104272.493,-0.98,-1.26,0.42666666666666664,8.0,0.0
2025-01-04 12:00:00+00:00,107401.079,-1.0,-1.28,0.45999999999999996,8.0,0.0
2025-01-04 13:00:00+00:00,108594.053,-0.9433333333333334,-1.26,0.45999999999999996,7.8,0.0
2025-01-04 14:00:00+00:00,107981.273,-0.8866666666666667,-1.24,0.45999999999999996,7.6000000000000005,0.0
2025-01-04 15:00:00+00:00,107359.282,-0.8300000000000001,-1.22,0.45999999999999996,7.4,0.0
2025-01-04 16:00:00+00:00,106689.616,-0.7000000000000001,-1.24,0.45999999999999996,6.666666666666667,0.0
2025-01-04 17:00:00+00:00,105207.006,-0.5700000000000001,-1.26,0.45999999999999996,5.933333333333334,0.0
2025-01-04 18:00:00+00:00,104221.812,-0.44000000000000006,-1.28,0.45999999999999996,5.2,0.0
2025-01-04 19:00:00+00:00,103699.52,-0.4033333333333334,-1.2966666666666666,0.5133333333333333,5.0,0.0
2025-01-04 20:00:00+00:00,105164.693,-0.36666666666666664,-1.3133333333333335,0.5666666666666667,4.8,0.0
2025-01-04 21:00:00+00:00,108979.245,-0.32999999999999996,-1.33,0.62,4.6,0.0
2025-01-04 22:00:00+00:00,114162.843,-0.4433333333333333,-1.2933333333333334,0.55,5.233333333333333,0.0
2025-01-04 23:00:00+00:00,115947.128,-0.5566666666666666,-1.2566666666666666,0.48,5.866666666666666,0.0
2025-01-05 00:00:00+00:00,115629.103,-0.67,-1.22,0.41,6.5,0.0
2025-01-05 01:00:00+00:00,114812.616,-0.67,-1.1833333333333333,0.36,6.7,0.0
2025-01-05 02:00:00+00:00,112995.242,-0.67,-1.1466666666666665,0.31,6.8999999999999995,0.0
2025-01-05 03:00:00+00:00,110033.027,-0.67,-1.1099999999999999,0.26,7.1,0.0
2025-01-05 04:00:00+00:00,107069.407,-0.6866666666666666,-1.13,0.27666666666666667,7.1,0.0
2025-01-05 05:00:00+00:00,104875.747,-0.7033333333333334,-1.15,0.29333333333333333,7.1,0.0
2025-01-05 06:00:00+00:00,103017.975,-0.72,-1.17,0.31,7.1,0.0
2025-01-05 07:00:00+00:00,102060.29,-0.7033333333333334,-1.26,0.25666666666666665,6.566666666666666,0.0
2025-01-05 08:00:00+00:00,101947.405,-0.6866666666666666,-1.3499999999999999,0.2033333333333333,6.033333333333333,0.0
2025-01-05 09:00:00+00:00,102231.46,-0.67,-1.44,0.15,5.5,0.0
2025-01-05 10:00:00+00:00,103784.134,-0.65,-1.44,0.1,5.4,0.0
2025-01-05 11:00:00+00:00,106048.241,-0.63,-1.44,0.05,5.3,0.0
2025-01-05 12:00:00+00:00,108667.679,-0.61,-1.44,0.0,5.2,0.0
2025-01-05 13:00:00+00:00,108886.261,-0.61,-1.3133333333333332,0.10333333333333333,5.833333333333333,0.0
2025-01-05 14:00:00+00:00,106576.669,-0.61,-1.1866666666666668,0.20666666666666667,6.466666666666667,0.0
2025-01-05 15:00:00+00:00,104542.953,-0.61,-1.06,0.31,7.1,0.0
2025-01-05 16:00:00+00:00,103509.02,-0.61,-0.9833333333333334,0.29333333333333333,7.566666666666666,0.0
2025-01-05 17:00:00+00:00,103372.628,-0.61,-0.9066666666666667,0.27666666666666667,8.033333333333333,0.0
2025-01-05 18:00:00+00:00,103710.564,-0.61,-0.8300000000000001,0.26,8.5,0.0
2025-01-05 19:00:00+00:00,104753.992,-0.61,-0.8133333333333334,0.3433333333333333,8.6,0.0
2025-01-05 20:00:00+00:00,106622.41,-0.61,-0.7966666666666667,0.42666666666666664,8.700000000000001,0.0
2025-01-05 21:00:00+00:00,109932.006,-0.61,-0.78,0.51,8.8,0.0
2025-01-05 22:00:00+00:00,114641.465,-0.61,-0.78,0.5633333333333334,8.8,0.0
2025-01-05 23:00:00+00:00,115338.261,-0.61,-0.78,0.6166666666666667,8.8,0.0
2025-01-06 00:00:00+00:00,114082.856,-0.61,-0.78,0.67,8.8,0.0
2025-01-06 01:00:00+00:00,112380.417,-0.61,-0.78,0.6366666666666667,8.8,0.0
2025-01-06 02:00:00+00:00,109586.238,-0.61,-0.78,0.6033333333333334,8.8,0.0
2025-01-06 03:00:00+00:00,105728.587,-0.61,-0.78,0.5700000000000001,8.8,0.0
2025-01-06 04:00:00+00:00,102249.83,-0.5933333333333333,-0.76,0.6533333333333333,8.833333333333334,0.0
2025-01-06 05:00:00+00:00,99683.646,-0.5766666666666667,-0.74,0.7366666666666667,8.866666666666667,0.0
2025-01-06 06:00:00+00:00,98265.09,-0.5599999999999999,-0.72,0.82,8.9,0.0
2025-01-06 07:00:00+00:00,97709.182,-0.5766666666666667,-0.74,0.9066666666666666,8.866666666666667,0.0
2025-01-06 08:00:00+00:00,98005.553,-0.5933333333333333,-0.76,0.9933333333333334,8.833333333333334,0.0
2025-01-06 09:00:00+00:00,99670.244,-0.61,-0.78,1.08,8.8,0.0
2025-01-06 10:00:00+00:00,102990.651,-0.61,-0.7966666666666667,0.9433333333333334,8.700000000000001,0.0
2025-01-06 11:00:00+00:00,107905.257,-0.61,-0.8133333333333334,0.8066666666666666,8.6,0.0
2025-01-06 12:00:00+00:00,112336.23,-0.61,-0.8300000000000001,0.67,8.5,0.0
2025-01-06 13:00:00+00:00,114866.637,-0.61,-0.8133333333333334,0.6366666666666667,8.6,0.0
2025-01-06 14:00:00+00:00,116385.521,-0.61,-0.7966666666666667,0.6033333333333334,8.700000000000001,0.0
2025-01-06 15:00:00+00:00,117464.706,-0.61,-0.78,0.5700000000000001,8.8,0.0
2025-01-06 16:00:00+00:00,117914.564,-0.5166666666666666,-0.76,0.62,8.366666666666667,0.0
2025-01-06 17:00:00+00:00,117853.382,-0.42333333333333334,-0.74,0.67,7.933333333333334,0.0
2025-01-06 18:00:00+00:00,116963.864,-0.32999999999999996,-0.72,0.72,7.5,0.0
2025-01-06 19:00:00+00:00,115951.49,-0.32999999999999996,-0.74,0.72,7.366666666666666,0.0
2025-01-06 20:00:00+00:00,115891.506,-0.32999999999999996,-0.76,0.72,7.233333333333333,0.0
2025-01-06 21:00:00+00:00,117667.269,-0.32999999999999996,-0.78,0.72,7.1,0.0
2025-01-06 22:00:00+00:00,121338.756,-0.32999999999999996,-0.7433333333333334,0.6866666666666666,7.333333333333333,0.0
2025-01-06 23:00:00+00:00,121444.097,-0.32999999999999996,-0.7066666666666667,0.6533333333333333,7.566666666666666,0.0
2025-01-07 00:00:00+00:00,119578.061,-0.32999999999999996,-0.67,0.62,7.8,0.0
2025-01-07 01:00:00+00:00,117550.47,-0.36666666666666664,-0.7066666666666667,0.6533333333333333,7.766666666666667,0.0
2025-01-07 02:00:00+00:00,114654.577,-0.4033333333333334,-0.7433333333333334,0.6866666666666666,7.733333333333333,0.0
2025-01-07 03:00:00+00:00,110614.258,-0.44000000000000006,-0.78,0.72,7.7,0.0
2025-01-07 04:00:00+00:00,106913.845,-0.5533333333333333,-0.8733333333333334,0.5666666666666667,7.833333333333333,0.0
2025-01-07 05:00:00+00:00,104605.205,-0.6666666666666667,-0.9666666666666667,0.41333333333333333,7.966666666666667,0.0
2025-01-07 06:00:00+00:00,103552.516,-0.78,-1.06,0.26,8.1,0.0
2025-01-07 07:00:00+00:00,103126.237,-0.7433333333333334,-1.02,0.27666666666666667,8.1,0.0
2025-01-07 08:00:00+00:00,103819.337,-0.7066666666666667,-0.9800000000000001,0.29333333333333333,8.1,0.0
2025-01-07 09:00:00+00:00,105723.455,-0.67,-0.9400000000000001,0.31,8.1,0.0
2025-01-07 10:00:00+00:00,109891.247,-0.6333333333333333,-0.9233333333333333,0.27666666666666667,8.0,0.0
2025-01-07 11:00:00+00:00,115888.959,-0.5966666666666667,-0.9066666666666667,0.24333333333333335,7.8999999999999995,0.0
2025-01-07 12:00:00+00:00,120559.13,-0.5599999999999999,-0.89,0.21000000000000002,7.8,0.0
2025-01-07 13:00:00+00:00,121513.332,-0.52,-0.8333333333333334,0.29333333333333333,7.8999999999999995,0.0
2025-01-07 14:00:00+00:00,119618.346,-0.48000000000000004,-0.7766666666666666,0.37666666666666665,8.0,0.0
2025-01-07 15:00:00+00:00,117570.732,-0.44000000000000006,-0.72,0.45999999999999996,8.1,0.0
2025-01-07 16:00:00+00:00,115697.94,-0.4233333333333334,-0.7566666666666667,0.4433333333333333,7.8,0.0
2025-01-07 17:00:00+00:00,113922.478,-0.4066666666666667,-0.7933333333333333,0.42666666666666664,7.5,0.0
2025-01-07 18:00:00+00:00,112570.784,-0.39,-0.8300000000000001,0.41,7.2,0.0
2025-01-07 19:00:00+00:00,111612.056,-0.37,-0.8300000000000001,0.4633333333333333,7.1000000000000005,0.0
2025-01-07 20:00:00+00:00,112250.737,-0.35,-0.8300000000000001,0.5166666666666667,7.0,0.0
2025-01-07 21:00:00+00:00,115727.927,-0.32999999999999996,-0.8300000000000001,0.5700000000000001,6.9,0.0
2025-01-07 22:00:00+00:00,121488.496,-0.35,-0.8133333333333334,0.4833333333333334,7.1000000000000005,0.0
2025-01-07 23:00:00+00:00,122859.179,-0.37,-0.7966666666666667,0.3966666666666667,7.3,0.0
2025-01-08 00:00:00+00:00,121745.245,-0.39,-0.78,0.31,7.5,0.0
2025-01-08 01:00:00+00:00,120123.813,-0.4266666666666667,-0.8333333333333334,0.3433333333333333,7.4,0.0
2025-01-08 02:00:00+00:00,117135.375,-0.4633333333333333,-0.8866666666666667,0.37666666666666665,7.3,0.0
2025-01-08 03:00:00+00:00,112703.095,-0.5,-0.9400000000000001,0.41,7.2,0.0
2025-01-08 04:00:00+00:00,108603.916,-0.5933333333333334,-0.9966666666666667,0.3933333333333333,7.366666666666667,0.0
2025-01-08 05:00:00+00:00,105911.968,-0.6866666666666666,-1.0533333333333332,0.37666666666666665,7.533333333333333,0.0
2025-01-08 06:00:00+00:00,104723.196,-0.78,-1.1099999999999999,0.36,7.7,0.0
2025-01-08 07:00:00+00:00,104201.847,-0.76,-1.0733333333333333,0.41,7.833333333333333,0.0
2025-01-08 08:00:00+00:00,104472.199,-0.74,-1.0366666666666666,0.46,7.966666666666667,0.0
2025-01-08 09:00:00+00:00,106268.909,-0.72,-1.0,0.51,8.1,0.0
2025-01-08 10:00:00+00:00,110483.842,-0.74,-1.0,0.4766666666666667,8.2,0.0
2025-01-08 11:00:00+00:00,117054.914,-0.76,-1.0,0.4433333333333333,8.3,0.0
2025-01-08 12:00:00+00:00,121774.356,-0.78,-1.0,0.41,8.4,0.0
2025-01-08 13:00:00+00:00,122018.254,-0.76,-1.0,0.37666666666666665,8.3,0.0
2025-01-08 14:00:00+00:00,119508.768,-0.74,-1.0,0.3433333333333333,8.2,0.0
2025-01-08 15:00:00+00:00,116732.156,-0.72,-1.0,0.31,8.1,0.0
2025-01-08 16:00:00+00:00,115046.578,-0.6466666666666666,-1.0366666666666666,0.3433333333333333,7.5,0.0
2025-01-08 17:00:00+00:00,114095.653,-0.5733333333333334,-1.0733333333333333,0.37666666666666665,6.8999999999999995,0.0
2025-01-08 18:00:00+00:00,113438.642,-0.5,-1.1099999999999999,0.41,6.3,0.0
2025-01-08 19:00:00+00:00,113629.838,-0.5,-1.1466666666666665,0.4433333333333333,6.1,0.0
2025-01-08 20:00:00+00:00,115072.707,-0.5,-1.1833333333333333,0.4766666666666667,5.9,0.0
2025-01-08 21:00:00+00:00,118593.041,-0.5,-1.22,0.51,5.7,0.0
2025-01-08 22:00:00+00:00,123558.274,-0.5566666666666666,-1.22,0.51,5.966666666666667,0.0
2025-01-08 23:00:00+00:00,124883.51,-0.6133333333333334,-1.22,0.51,6.233333333333333,0.0
2025-01-09 00:00:00+00:00,124210.013,-0.67,-1.22,0.51,6.5,0.0
2025-01-09 01:00:00+00:00,122951.54,-0.7433333333333334,-1.22,0.4766666666666667,6.9,0.0
2025-01-09 02:00:00+00:00,120300.24,-0.8166666666666667,-1.22,0.4433333333333333,7.3,0.0
2025-01-09 03:00:00+00:00,116195.275,-0.89,-1.22,0.41,7.7,0.0
2025-01-09 04:00:00+00:00,112346.247,-1.0,-1.3133333333333332,0.3933333333333333,7.8,0.0
2025-01-09 05:00:00+00:00,109933.383,-1.1099999999999999,-1.4066666666666667,0.37666666666666665,7.9,0.0
2025-01-09 06:00:00+00:00,108743.295,-1.22,-1.5,0.36,8.0,0.0
2025-01-09 07:00:00+00:00,108441.797,-1.2566666666666666,-1.52,0.36,8.1,0.0
2025-01-09 08:00:00+00:00,109012.323,-1.2933333333333334,-1.54,0.36,8.200000000000001,0.0
2025-01-09 09:00:00+00:00,111085.908,-1.33,-1.56,0.36,8.3,0.0
2025-01-09 10:00:00+00:00,115738.848,-1.35,-1.56,0.3433333333333333,8.433333333333334,0.0
2025-01-09 11:00:00+00:00,122109.244,-1.37,-1.56,0.32666666666666666,8.566666666666666,0.0
2025-01-09 12:00:00+00:00,126777.53,-1.3900000000000001,-1.56,0.31,8.7,0.0
2025-01-09 13:00:00+00:00,126678.518,-1.3333333333333335,-1.5033333333333334,0.29333333333333333,8.7,0.0
2025-01-09 14:00:00+00:00,123223.299,-1.2766666666666666,-1.4466666666666668,0.27666666666666667,8.7,0.0
2025-01-09 15:00:00+00:00,119571.42,-1.22,-1.3900000000000001,0.26,8.7,0.0
2025-01-09 16:00:00+00:00,116500.676,-0.96,-1.3533333333333335,0.17333333333333334,7.533333333333333,0.0
2025-01-09 17:00:00+00:00,114246.43,-0.7000000000000001,-1.3166666666666667,0.08666666666666667,6.366666666666667,0.0
2025-01-09 18:00:00+00:00,112359.139,-0.44000000000000006,-1.28,0.0,5.2,0.0
2025-01-09 19:00:00+00:00,111222.308,-0.4033333333333334,-1.3166666666666667,0.10333333333333333,4.933333333333334,0.0
2025-01-09 20:00:00+00:00,111860.831,-0.36666666666666664,-1.3533333333333335,0.20666666666666667,4.666666666666667,0.0
2025-01-09 21:00:00+00:00,115229.283,-0.32999999999999996,-1.3900000000000001,0.31,4.4,0.0
2025-01-09 22:00:00+00:00,121501.136,-0.41333333333333333,-1.3800000000000001,0.29333333333333333,4.800000000000001,0.0
2025-01-09 23:00:00+00:00,124077.734,-0.4966666666666667,-1.37,0.27666666666666667,5.2,0.0
2025-01-10 00:00:00+00:00,123700.343,-0.5800000000000001,-1.36,0.26,5.6,0.0
2025-01-10 01:00:00+00:00,122566.818,-0.6633333333333333,-1.35,0.24333333333333335,6.0,0.0
2025-01-10 02:00:00+00:00,120368.276,-0.7466666666666668,-1.34,0.22666666666666668,6.4,0.0
2025-01-10 03:00:00+00:00,116522.083,-0.8300000000000001,-1.33,0.21000000000000002,6.8,0.0
2025-01-10 04:00:00+00:00,112894.503,-0.8116666666666668,-1.3033333333333335,0.22666666666666668,6.85,0.0
2025-01-10 05:00:00+00:00,110396.628,-0.7933333333333333,-1.2766666666666666,0.24333333333333335,6.8999999999999995,0.0
2025-01-10 06:00:00+00:00,108856.2,-0.775,-1.25,0.26,6.949999999999999,0.0
2025-01-10 07:00:00+00:00,108341.784,-0.7566666666666667,-1.2233333333333334,0.27666666666666667,7.0,0.0
2025-01-10 08:00:00+00:00,108599.865,-0.7383333333333333,-1.1966666666666665,0.29333333333333333,7.05,0.0
2025-01-10 09:00:00+00:00,110391.779,-0.72,-1.17,0.31,7.1,0.0
2025-01-10 10:00:00+00:00,114377.259,-0.7016666666666667,-1.1316666666666666,0.30166666666666664,7.216666666666667,0.0
2025-01-10 11:00:00+00:00,120489.515,-0.6833333333333333,-1.0933333333333333,0.29333333333333333,7.333333333333333,0.0
2025-01-10 12:00:00+00:00,124673.196,-0.665,-1.055,0.28500000000000003,7.449999999999999,0.0
2025-01-10 13:00:00+00:00,124304.013,-0.6466666666666666,-1.0166666666666666,0.27666666666666667,7.566666666666666,0.0
2025-01-10 14:00:00+00:00,121489.377,-0.6283333333333333,-0.9783333333333334,0.2683333333333333,7.683333333333334,0.0
2025-01-10 15:00:00+00:00,118579.146,-0.61,-0.9400000000000001,0.26,7.8,0.0
2025-01-10 16:00:00+00:00,115695.476,-0.5816666666666667,-0.885,0.27666666666666667,7.966666666666667,0.0
2025-01-10 17:00:00+00:00,113851.326,-0.5533333333333333,-0.8300000000000001,0.29333333333333333,8.133333333333333,0.0
2025-01-10 18:00:00+00:00,113449.308,-0.525,-0.775,0.31,8.3,0.0
2025-01-10 19:00:00+00:00,113261.354,-0.4966666666666667,-0.72,0.32666666666666666,8.466666666666667,0.0
2025-01-10 20:00:00+00:00,113137.027,-0.4683333333333334,-0.665,0.3433333333333333,8.633333333333335,0.0
2025-01-10 21:00:00+00:00,115008.195,-0.44000000000000006,-0.61,0.36,8.8,0.0
2025-01-10 22:00:00+00:00,118493.015,-0.44000000000000006,-0.5933333333333333,0.32666666666666666,8.9,0.0
2025-01-10 23:00:00+00:00,118622.167,-0.44000000000000006,-0.5766666666666667,0.29333333333333333,9.0,0.0
2025-01-11 00:00:00+00:00,116863.391,-0.44000000000000006,-0.5599999999999999,0.26,9.1,0.0
2025-01-11 01:00:00+00:00,114705.736,-0.46,-0.5766666666666667,0.27666666666666667,9.133333333333333,0.0
2025-01-11 02:00:00+00:00,112224.678,-0.48000000000000004,-0.5933333333333333,0.29333333333333333,9.166666666666666,0.0
2025-01-11 03:00:00+00:00,108432.709,-0.5,-0.61,0.31,9.2,0.0
2025-01-11 04:00:00+00:00,104814.742,-0.4633333333333333,-0.5933333333333333,0.37666666666666665,9.066666666666666,0.0
2025-01-11 05:00:00+00:00,101817.712,-0.4266666666666667,-0.5766666666666667,0.44333333333333336,8.933333333333334,0.0
2025-01-11 06:00:00+00:00,100042.308,-0.39,-0.5599999999999999,0.51,8.8,0.0
2025-01-11 07:00:00+00:00,98866.194,-0.37,-0.5399999999999999,0.53,8.8,0.0
2025-01-11 08:00:00+00:00,98548.237,-0.35,-0.52,0.55,8.8,0.0
2025-01-11 09:00:00+00:00,98953.919,-0.32999999999999996,-0.5,0.5700000000000001,8.8,0.0
2025-01-11 10:00:00+00:00,100379.804,-0.32999999999999996,-0.52,0.55,8.666666666666668,0.0
2025-01-11 11:00:00+00:00,102822.57,-0.32999999999999996,-0.5399999999999999,0.53,8.533333333333333,0.0
2025-01-11 12:00:00+00:00,105759.812,-0.32999999999999996,-0.5599999999999999,0.51,8.4,0.0
2025-01-11 13:00:00+00:00,108088.214,-0.3133333333333333,-0.5399999999999999,0.4766666666666667,8.433333333333334,0.0
2025-01-11 14:00:00+00:00,108918.264,-0.29666666666666663,-0.52,0.4433333333333333,8.466666666666667,0.0
2025-01-11 15:00:00+00:00,108050.776,-0.27999999999999997,-0.5,0.41,8.5,0.0
2025-01-11 16:00:00+00:00,106682.643,-0.24333333333333332,-0.5,0.49666666666666665,8.266666666666666,0.0
2025-01-11 17:00:00+00:00,105066.142,-0.20666666666666667,-0.5,0.5833333333333334,8.033333333333333,0.0
2025-01-11 18:00:00+00:00,103621.668,-0.16999999999999998,-0.5,0.67,7.8,0.0
2025-01-11 19:00:00+00:00,102850.753,-0.16999999999999998,-0.5366666666666666,0.6166666666666667,7.6,0.0
2025-01-11 20:00:00+00:00,103541.129,-0.16999999999999998,-0.5733333333333334,0.5633333333333334,7.4,0.0
2025-01-11 21:00:00+00:00,106262.819,-0.16999999999999998,-0.61,0.51,7.2,0.0
2025-01-11 22:00:00+00:00,110666.959,-0.20666666666666664,-0.63,0.33999999999999997,7.3,0.0
2025-01-11 23:00:00+00:00,112336.873,-0.2433333333333333,-0.65,0.16999999999999998,7.4,0.0
2025-01-12 00:00:00+00:00,111322.239,-0.27999999999999997,-0.67,0.0,7.5,0.0
2025-01-12 01:00:00+00:00,109961.237,-0.29666666666666663,-0.67,0.13666666666666666,7.6,0.0
2025-01-12 02:00:00+00:00,107955.822,-0.3133333333333333,-0.67,0.2733333333333333,7.7,0.0
2025-01-12 03:00:00+00:00,105016.044,-0.32999999999999996,-0.67,0.41,7.8,0.0
2025-01-12 04:00:00+00:00,101926.606,-0.32999999999999996,-0.65,0.3933333333333333,7.8999999999999995,0.0
2025-01-12 05:00:00+00:00,99347.79,-0.32999999999999996,-0.63,0.37666666666666665,8.0,0.0
2025-01-12 06:00:00+00:00,97922.09,-0.32999999999999996,-0.61,0.36,8.1,0.0
2025-01-12 07:00:00+00:00,97046.163,-0.3133333333333333,-0.5933333333333333,0.37666666666666665,8.1,0.0
2025-01-12 08:00:00+00:00,97002.296,-0.29666666666666663,-0.5766666666666667,0.3933333333333333,8.1,0.0
2025-01-12 09:00:00+00:00,97901.712,-0.27999999999999997,-0.5599999999999999,0.41,8.1,0.0
2025-01-12 10:00:00+00:00,99445.778,-0.26,-0.5599999999999999,0.42666666666666664,8.0,0.0
2025-01-12 11:00:00+00:00,102363.834,-0.24000000000000002,-0.5599999999999999,0.4433333333333333,7.8999999999999995,0.0
2025-01-12 12:00:00+00:00,105432.14,-0.22000000000000003,-0.5599999999999999,0.45999999999999996,7.8,0.0
2025-01-12 13:00:00+00:00,106352.425,-0.18333333333333335,-0.5033333333333333,0.5133333333333333,7.933333333333333,0.0
2025-01-12 14:00:00+00:00,103995.86,-0.14666666666666667,-0.44666666666666666,0.5666666666666667,8.066666666666666,0.0
2025-01-12 15:00:00+00:00,100919.924,-0.11000000000000001,-0.39,0.62,8.2,0.0
2025-01-12 16:00:00+00:00,98415.425,-0.016666666666666677,-0.35333333333333333,0.62,7.866666666666666,0.0
2025-01-12 17:00:00+00:00,97017.105,0.07666666666666666,-0.31666666666666665,0.62,7.533333333333333,0.0
2025-01-12 18:00:00+00:00,96044.176,0.16999999999999998,-0.27999999999999997,0.62,7.2,0.0
2025-01-12 19:00:00+00:00,95812.339,0.18666666666666668,-0.27999999999999997,0.67,7.133333333333334,0.0
2025-01-12 20:00:00+00:00,97059.025,0.20333333333333334,-0.27999999999999997,0.72,7.066666666666666,0.0
2025-01-12 21:00:00+00:00,101175.431,0.22000000000000003,-0.27999999999999997,0.77,7.0,0.0
2025-01-12 22:00:00+00:00,106918.921,0.18333333333333335,-0.26,0.6833333333333333,7.3,0.0
2025-01-12 23:00:00+00:00,109612.969,0.14666666666666667,-0.24000000000000002,0.5966666666666667,7.6000000000000005,0.0
2025-01-13 00:00:00+00:00,109346.818,0.11000000000000001,-0.22000000000000003,0.51,7.9,0.0
2025-01-13 01:00:00+00:00,108835.244,0.03666666666666667,-0.25666666666666665,0.4766666666666667,8.1,0.0
2025-01-13 02:00:00+00:00,106300.164,-0.03666666666666668,-0.29333333333333333,0.4433333333333333,8.3,0.0
2025-01-13 03:00:00+00:00,102845.513,-0.11000000000000001,-0.32999999999999996,0.41,8.5,0.0
2025-01-13 04:00:00+00:00,99471.497,-0.09333333333333334,-0.3133333333333333,0.41,8.5,0.0
2025-01-13 05:00:00+00:00,97135.801,-0.07666666666666666,-0.29666666666666663,0.41,8.5,0.0
2025-01-13 06:00:00+00:00,96134.764,-0.06,-0.27999999999999997,0.41,8.5,0.0
2025-01-13 07:00:00+00:00,95895.368,-0.18666666666666668,-0.52,0.5466666666666666,7.833333333333333,0.0
2025-01-13 08:00:00+00:00,96485.504,-0.31333333333333335,-0.76,0.6833333333333333,7.166666666666667,0.0
2025-01-13 09:00:00+00:00,98767.754,-0.44000000000000006,-1.0,0.82,6.5,0.0
2025-01-13 10:00:00+00:00,103682.859,-0.5533333333333333,-1.0566666666666666,0.77,6.8,0.0
2025-01-13 11:00:00+00:00,110727.562,-0.6666666666666667,-1.1133333333333333,0.72,7.1000000000000005,0.0
2025-01-13 12:00:00+00:00,116078.895,-0.78,-1.17,0.67,7.4,0.0
2025-01-13 13:00:00+00:00,116093.0,-0.8166666666666667,-1.2433333333333334,0.72,7.166666666666667,0.0
2025-01-13 14:00:00+00:00,113860.758,-0.8533333333333334,-1.3166666666666667,0.77,6.933333333333334,0.0
2025-01-13 15:00:00+00:00,111463.343,-0.89,-1.3900000000000001,0.82,6.7,0.0
2025-01-13 16:00:00+00:00,108954.301,-0.8533333333333334,-1.4066666666666667,0.8033333333333333,6.433333333333334,0.0
2025-01-13 17:00:00+00:00,106049.531,-0.8166666666666667,-1.4233333333333333,0.7866666666666666,6.166666666666667,0.0
2025-01-13 18:00:00+00:00,104356.024,-0.78,-1.44,0.77,5.9,0.0
2025-01-13 19:00:00+00:00,102817.119,-0.78,-1.44,0.77,5.9,0.0
2025-01-13 20:00:00+00:00,103266.129,-0.78,-1.44,0.77,5.9,0.0
2025-01-13 21:00:00+00:00,106426.987,-0.78,-1.44,0.77,5.9,0.0
2025-01-13 22:00:00+00:00,112275.283,-0.8733333333333334,-1.48,0.6833333333333333,6.166666666666667,0.0
2025-01-13 23:00:00+00:00,115122.226,-0.9666666666666667,-1.52,0.5966666666666667,6.433333333333334,0.0
2025-01-14 00:00:00+00:00,114962.785,-1.06,-1.56,0.51,6.7,0.0
2025-01-14 01:00:00+00:00,114241.746,-1.1133333333333333,-1.5966666666666667,0.49333333333333335,6.766666666666667,0.0
2025-01-14 02:00:00+00:00,111794.339,-1.1666666666666667,-1.6333333333333333,0.4766666666666666,6.833333333333334,0.0
2025-01-14 03:00:00+00:00,107900.572,-1.22,-1.67,0.45999999999999996,6.9,0.0
2025-01-14 04:00:00+00:00,104124.933,-1.2566666666666666,-1.67,0.41,7.133333333333334,0.0
2025-01-14 05:00:00+00:00,102050.43,-1.2933333333333334,-1.67,0.36,7.366666666666666,0.0
2025-01-14 06:00:00+00:00,101049.297,-1.33,-1.67,0.31,7.6,0.0
2025-01-14 07:00:00+00:00,101057.218,-1.3133333333333335,-1.65,0.27666666666666667,7.633333333333333,0.0
2025-01-14 08:00:00+00:00,101968.439,-1.2966666666666666,-1.6300000000000001,0.24333333333333335,7.666666666666667,0.0
2025-01-14 09:00:00+00:00,104500.591,-1.28,-1.61,0.21000000000000002,7.7,0.0
2025-01-14 10:00:00+00:00,110123.281,-1.1866666666666668,-1.5733333333333335,0.29333333333333333,7.366666666666667,0.0
2025-01-14 11:00:00+00:00,118055.754,-1.0933333333333333,-1.5366666666666666,0.37666666666666665,7.033333333333333,0.0
2025-01-14 12:00:00+00:00,123307.151,-1.0,-1.5,0.45999999999999996,6.7,0.0
2025-01-14 13:00:00+00:00,122383.901,-0.9433333333333334,-1.4433333333333334,0.4433333333333333,6.733333333333333,0.0
2025-01-14 14:00:00+00:00,118844.388,-0.8866666666666667,-1.3866666666666667,0.42666666666666664,6.766666666666667,0.0
2025-01-14 15:00:00+00:00,115596.568,-0.8300000000000001,-1.33,0.41,6.8,0.0
2025-01-14 16:00:00+00:00,112785.614,-0.7566666666666667,-1.24,0.6166666666666667,6.8999999999999995,0.0
2025-01-14 17:00:00+00:00,110980.33,-0.6833333333333333,-1.1500000000000001,0.8233333333333334,7.0,0.0
2025-01-14 18:00:00+00:00,109797.905,-0.61,-1.06,1.03,7.1,0.0
2025-01-14 19:00:00+00:00,109352.778,-0.6666666666666666,-1.2066666666666668,0.9966666666666667,6.633333333333333,0.0
2025-01-14 20:00:00+00:00,110623.464,-0.7233333333333334,-1.3533333333333333,0.9633333333333334,6.166666666666667,0.0
2025-01-14 21:00:00+00:00,114363.251,-0.78,-1.5,0.93,5.7,0.0
2025-01-14 22:00:00+00:00,119897.304,-0.9266666666666666,-1.5733333333333333,0.79,6.033333333333333,0.0
2025-01-14 23:00:00+00:00,122332.322,-1.0733333333333333,-1.6466666666666667,0.65,6.366666666666667,0.0
2025-01-15 00:00:00+00:00,121960.435,-1.22,-1.72,0.51,6.7,0.0
2025-01-15 01:00:00+00:00,120764.389,-1.2933333333333332,-1.7766666666666666,0.4766666666666667,6.766666666666667,0.0
2025-01-15 02:00:00+00:00,118042.768,-1.3666666666666667,-1.8333333333333333,0.4433333333333333,6.833333333333334,0.0
2025-01-15 03:00:00+00:00,114193.633,-1.44,-1.89,0.41,6.9,0.0
2025-01-15 04:00:00+00:00,110620.365,-1.48,-1.89,0.36,7.133333333333334,0.0
2025-01-15 05:00:00+00:00,108874.001,-1.52,-1.89,0.31,7.366666666666666,0.0
2025-01-15 06:00:00+00:00,108507.744,-1.56,-1.89,0.26,7.6,0.0
2025-01-15 07:00:00+00:00,108781.623,-1.5966666666666667,-1.89,0.24333333333333335,7.833333333333333,0.0
2025-01-15 08:00:00+00:00,109772.854,-1.6333333333333333,-1.89,0.22666666666666668,8.066666666666666,0.0
2025-01-15 09:00:00+00:00,112338.269,-1.67,-1.89,0.21000000000000002,8.3,0.0
2025-01-15 10:00:00+00:00,117558.905,-1.7066666666666666,-1.9266666666666665,0.19,8.3,0.0
2025-01-15 11:00:00+00:00,124849.507,-1.7433333333333334,-1.9633333333333334,0.17,8.3,0.0
2025-01-15 12:00:00+00:00,129910.543,-1.78,-2.0,0.15,8.3,0.0
2025-01-15 13:00:00+00:00,128778.403,-1.6666666666666667,-1.9266666666666667,0.1,8.066666666666666,0.0
2025-01-15 14:00:00+00:00,124448.457,-1.5533333333333332,-1.8533333333333333,0.05,7.833333333333333,0.0
2025-01-15 15:00:00+00:00,120184.688,-1.44,-1.78,0.0,7.6,0.0
2025-01-15 16:00:00+00:00,116636.164,-1.2366666666666666,-1.76,0.12,6.7,0.0
2025-01-15 17:00:00+00:00,114139.446,-1.0333333333333334,-1.74,0.24,5.8,0.0
2025-01-15 18:00:00+00:00,112331.416,-0.8300000000000001,-1.72,0.36,4.9,0.0
2025-01-15 19:00:00+00:00,111136.069,-0.7766666666666667,-1.6666666666666667,0.37666666666666665,4.933333333333334,0.0
2025-01-15 20:00:00+00:00,112602.584,-0.7233333333333334,-1.6133333333333333,0.3933333333333333,4.966666666666667,0.0
2025-01-15 21:00:00+00:00,116732.692,-0.67,-1.56,0.41,5.0,0.0
2025-01-15 22:00:00+00:00,122780.183,-0.67,-1.52,0.37666666666666665,5.166666666666667,0.0
2025-01-15 23:00:00+00:00,125922.099,-0.67,-1.48,0.3433333333333333,5.333333333333333,0.0
2025-01-16 00:00:00+00:00,125864.913,-0.67,-1.44,0.31,5.5,0.0
2025-01-16 01:00:00+00:00,124900.907,-0.6866666666666666,-1.46,0.3433333333333333,5.466666666666667,0.0
2025-01-16 02:00:00+00:00,122369.427,-0.7033333333333334,-1.48,0.37666666666666665,5.433333333333334,0.0
2025-01-16 03:00:00+00:00,117859.562,-0.72,-1.5,0.41,5.4,0.0
2025-01-16 04:00:00+00:00,113966.127,-0.72,-1.4433333333333334,0.3933333333333333,5.666666666666667,0.0
2025-01-16 05:00:00+00:00,111526.579,-0.72,-1.3866666666666667,0.37666666666666665,5.933333333333334,0.0
2025-01-16 06:00:00+00:00,110125.576,-0.72,-1.33,0.36,6.2,0.0
2025-01-16 07:00:00+00:00,109737.865,-0.6266666666666667,-1.22,0.43,6.3,0.0
2025-01-16 08:00:00+00:00,110345.866,-0.5333333333333333,-1.11,0.5,6.4,0.0
2025-01-16 09:00:00+00:00,112196.454,-0.44000000000000006,-1.0,0.5700000000000001,6.5,0.0
2025-01-16 10:00:00+00:00,116564.179,-0.46,-0.9633333333333334,0.55,6.8,0.0
2025-01-16 11:00:00+00:00,123139.178,-0.48000000000000004,-0.9266666666666666,0.53,7.1000000000000005,0.0
2025-01-16 12:00:00+00:00,126627.22,-0.5,-0.89,0.51,7.4,0.0
2025-01-16 13:00:00+00:00,125993.726,-0.4433333333333333,-0.8166666666666667,0.6133333333333333,7.533333333333333,0.0
2025-01-16 14:00:00+00:00,123819.906,-0.38666666666666666,-0.7433333333333334,0.7166666666666667,7.666666666666667,0.0
2025-01-16 15:00:00+00:00,121235.813,-0.32999999999999996,-0.67,0.82,7.8,0.0
2025-01-16 16:00:00+00:00,118467.867,-0.24,-0.5933333333333334,0.8033333333333333,7.733333333333333,0.0
2025-01-16 17:00:00+00:00,116222.607,-0.15,-0.5166666666666667,0.7866666666666666,7.666666666666666,0.0
2025-01-16 18:00:00+00:00,114769.614,-0.06,-0.44000000000000006,0.77,7.6,0.0
2025-01-16 19:00:00+00:00,113669.069,-0.039999999999999994,-0.4233333333333334,0.72,7.566666666666666,0.0
2025-01-16 20:00:00+00:00,112914.446,-0.019999999999999997,-0.4066666666666667,0.67,7.533333333333333,0.0
2025-01-16 21:00:00+00:00,114684.47,0.0,-0.39,0.62,7.5,0.0
2025-01-16 22:00:00+00:00,118256.209,0.0,-0.35333333333333333,0.5333333333333333,7.733333333333333,0.0
2025-01-16 23:00:00+00:00,119218.734,0.0,-0.31666666666666665,0.44666666666666666,7.966666666666666,0.0
2025-01-17 00:00:00+00:00,118014.45,0.0,-0.27999999999999997,0.36,8.2,0.0
2025-01-17 01:00:00+00:00,115832.586,0.0,-0.27999999999999997,0.36,8.2,0.0
2025-01-17 02:00:00+00:00,112430.924,0.0,-0.27999999999999997,0.36,8.2,0.0
2025-01-17 03:00:00+00:00,107772.586,0.0,-0.27999999999999997,0.36,8.2,0.0
2025-01-17 04:00:00+00:00,103301.56,0.0,-0.27999999999999997,0.36,8.2,0.0
2025-01-17 05:00:00+00:00,100142.224,0.0,-0.27999999999999997,0.36,8.2,0.0
2025-01-17 06:00:00+00:00,98392.539,0.0,-0.27999999999999997,0.36,8.2,0.0
2025-01-17 07:00:00+00:00,97655.811,-0.09333333333333332,-0.3333333333333333,0.36,8.433333333333334,0.0
2025-01-17 08:00:00+00:00,97825.589,-0.18666666666666665,-0.3866666666666667,0.36,8.666666666666666,0.0
2025-01-17 09:00:00+00:00,99747.459,-0.27999999999999997,-0.44000000000000006,0.36,8.9,0.0
2025-01-17 10:00:00+00:00,104248.724,-0.29666666666666663,-0.44000000000000006,0.37666666666666665,9.0,0.0
2025-01-17 11:00:00+00:00,110993.556,-0.3133333333333333,-0.44000000000000006,0.3933333333333333,9.1,0.0
2025-01-17 12:00:00+00:00,115985.085,-0.32999999999999996,-0.44000000000000006,0.41,9.2,0.0
2025-01-17 13:00:00+00:00,116002.854,-0.25666666666666665,-0.4233333333333334,0.4633333333333333,8.866666666666665,0.0
2025-01-17 14:00:00+00:00,112342.95,-0.18333333333333332,-0.4066666666666667,0.5166666666666667,8.533333333333333,0.0
2025-01-17 15:00:00+00:00,107651.015,-0.11000000000000001,-0.39,0.5700000000000001,8.2,0.0
2025-01-17 16:00:00+00:00,103823.938,0.07333333333333333,-0.35333333333333333,0.5700000000000001,7.466666666666666,0.0
2025-01-17 17:00:00+00:00,100698.792,0.2566666666666667,-0.31666666666666665,0.5700000000000001,6.733333333333333,0.0
2025-01-17 18:00:00+00:00,98383.201,0.44000000000000006,-0.27999999999999997,0.5700000000000001,6.0,0.0
2025-01-17 19:00:00+00:00,97088.001,0.5333333333333333,-0.26,0.5700000000000001,5.733333333333333,0.0
2025-01-17 20:00:00+00:00,97384.324,0.6266666666666667,-0.24000000000000002,0.5700000000000001,5.466666666666667,0.0
2025-01-17 21:00:00+00:00,100444.45,0.72,-0.22000000000000003,0.5700000000000001,5.2,0.0
2025-01-17 22:00:00+00:00,105853.717,0.6266666666666667,-0.20333333333333334,0.5333333333333333,5.633333333333334,0.0
2025-01-17 23:00:00+00:00,108408.627,0.5333333333333333,-0.18666666666666668,0.49666666666666665,6.066666666666666,0.0
2025-01-18 00:00:00+00:00,108084.512,0.44000000000000006,-0.16999999999999998,0.45999999999999996,6.5,0.0
2025-01-18 01:00:00+00:00,107224.769,0.48000000000000004,-0.13333333333333333,0.4766666666666666,6.5,0.0
2025-01-18 02:00:00+00:00,105250.946,0.52,-0.09666666666666666,0.49333333333333335,6.5,0.0
2025-01-18 03:00:00+00:00,102141.507,0.5599999999999999,-0.06,0.51,6.5,0.0
2025-01-18 04:00:00+00:00,98450.403,0.5399999999999999,-0.06,0.6133333333333333,6.566666666666666,0.0
2025-01-18 05:00:00+00:00,95440.069,0.52,-0.06,0.7166666666666667,6.633333333333334,0.0
2025-01-18 06:00:00+00:00,93358.876,0.5,-0.06,0.82,6.7,0.0
2025-01-18 07:00:00+00:00,92120.165,0.42666666666666664,-0.003333333333333327,0.7166666666666667,7.433333333333334,0.0
2025-01-18 08:00:00+00:00,91541.848,0.3533333333333333,0.053333333333333344,0.6133333333333333,8.166666666666668,0.0
2025-01-18 09:00:00+00:00,92010.984,0.27999999999999997,0.11000000000000001,0.51,8.9,0.0
2025-01-18 10:00:00+00:00,93346.459,0.20666666666666667,0.07333333333333333,0.46,9.133333333333333,0.0
2025-01-18 11:00:00+00:00,95818.888,0.13333333333333333,0.03666666666666667,0.41,9.366666666666667,0.0
2025-01-18 12:00:00+00:00,98483.189,0.06,0.0,0.36,9.6,0.0
2025-01-18 13:00:00+00:00,100928.274,0.09666666666666665,0.0,0.37666666666666665,9.366666666666667,0.0
2025-01-18 14:00:00+00:00,102444.619,0.1333333333333333,0.0,0.3933333333333333,9.133333333333333,0.0
2025-01-18 15:00:00+00:00,102435.487,0.16999999999999998,0.0,0.41,8.9,0.0
2025-01-18 16:00:00+00:00,101780.392,0.16999999999999998,-0.056666666666666664,0.53,8.533333333333333,0.0
2025-01-18 17:00:00+00:00,100782.192,0.16999999999999998,-0.11333333333333333,0.65,8.166666666666666,0.0
2025-01-18 18:00:00+00:00,99580.34,0.16999999999999998,-0.16999999999999998,0.77,7.8,0.0
2025-01-18 19:00:00+00:00,98045.686,0.13333333333333333,-0.26,0.7366666666666667,7.533333333333333,0.0
2025-01-18 20:00:00+00:00,97256.267,0.09666666666666666,-0.35000000000000003,0.7033333333333334,7.266666666666667,0.0
2025-01-18 21:00:00+00:00,98324.815,0.06,-0.44000000000000006,0.67,7.0,0.0
2025-01-18 22:00:00+00:00,101866.112,0.003333333333333327,-0.4966666666666667,0.6866666666666666,6.966666666666667,0.0
2025-01-18 23:00:00+00:00,103760.52,-0.053333333333333344,-0.5533333333333333,0.7033333333333334,6.933333333333334,0.0
2025-01-19 00:00:00+00:00,103178.598,-0.11000000000000001,-0.61,0.72,6.9,0.0
2025-01-19 01:00:00+00:00,102372.673,-0.16666666666666666,-0.6466666666666666,0.65,7.0,0.0
2025-01-19 02:00:00+00:00,100388.706,-0.22333333333333333,-0.6833333333333333,0.58,7.1000000000000005,0.0
2025-01-19 03:00:00+00:00,97960.95,-0.27999999999999997,-0.72,0.51,7.2,0.0
2025-01-19 04:00:00+00:00,94969.484,-0.29666666666666663,-0.7766666666666666,0.5966666666666667,7.0,0.0
2025-01-19 05:00:00+00:00,92445.668,-0.3133333333333333,-0.8333333333333334,0.6833333333333333,6.8,0.0
2025-01-19 06:00:00+00:00,90821.712,-0.32999999999999996,-0.89,0.77,6.6,0.0
2025-01-19 07:00:00+00:00,90045.883,-0.35,-0.9066666666666667,0.6666666666666666,6.6,0.0
2025-01-19 08:00:00+00:00,89645.868,-0.37,-0.9233333333333333,0.5633333333333334,6.6,0.0
2025-01-19 09:00:00+00:00,90160.887,-0.39,-0.9400000000000001,0.45999999999999996,6.6,0.0
2025-01-19 10:00:00+00:00,91457.747,-0.44666666666666666,-0.9800000000000001,0.4766666666666666,6.666666666666666,0.0
2025-01-19 11:00:00+00:00,93802.526,-0.5033333333333333,-1.02,0.49333333333333335,6.733333333333333,0.0
2025-01-19 12:00:00+00:00,96750.181,-0.5599999999999999,-1.06,0.51,6.8,0.0
2025-01-19 13:00:00+00:00,99580.763,-0.6133333333333333,-1.0966666666666667,0.6133333333333333,6.8999999999999995,0.0
2025-01-19 14:00:00+00:00,101926.03,-0.6666666666666666,-1.1333333333333333,0.7166666666666667,7.0,0.0
2025-01-19 15:00:00+00:00,103170.602,-0.72,-1.17,0.82,7.1,0.0
2025-01-19 16:00:00+00:00,103877.573,-0.7566666666666667,-1.2233333333333334,0.84,7.0,0.0
2025-01-19 17:00:00+00:00,105188.206,-0.7933333333333333,-1.2766666666666666,0.8600000000000001,6.8999999999999995,0.0
2025-01-19 18:00:00+00:00,105875.295,-0.8300000000000001,-1.33,0.8800000000000001,6.8,0.0
2025-01-19 19:00:00+00:00,106319.932,-0.8666666666666667,-1.4433333333333334,0.8600000000000001,6.3999999999999995,0.0
2025-01-19 20:00:00+00:00,107157.04,-0.9033333333333334,-1.5566666666666666,0.84,6.0,0.0
2025-01-19 21:00:00+00:00,109590.703,-0.9400000000000001,-1.67,0.82,5.6,0.0
2025-01-19 22:00:00+00:00,113335.934,-1.08,-1.585,0.7949999999999999,6.8,0.0
2025-01-19 23:00:00+00:00,115821.759,-1.22,-1.5,0.77,8.0,0.0
2025-01-20 00:00:00+00:00,115628.861,-1.33,-1.83,0.8800000000000001,6.6,0.0
2025-01-20 01:00:00+00:00,114789.628,-1.3866666666666667,-1.8666666666666667,0.8266666666666668,6.7,0.0
2025-01-20 02:00:00+00:00,113110.792,-1.4433333333333334,-1.9033333333333333,0.7733333333333333,6.8,0.0
2025-01-20 03:00:00+00:00,111088.052,-1.5,-1.94,0.72,6.9,0.0
2025-01-20 04:00:00+00:00,108584.938,-1.52,-1.9966666666666668,0.72,6.7,0.0
2025-01-20 05:00:00+00:00,107236.349,-1.54,-2.0533333333333337,0.72,6.5,0.0
2025-01-20 06:00:00+00:00,106425.972,-1.56,-2.1100000000000003,0.72,6.3,0.0
2025-01-20 07:00:00+00:00,106732.193,-1.5966666666666667,-2.166666666666667,0.6866666666666666,6.166666666666667,0.0
2025-01-20 08:00:00+00:00,107676.389,-1.6333333333333333,-2.2233333333333336,0.6533333333333333,6.033333333333333,0.0
2025-01-20 09:00:00+00:00,109904.819,-1.67,-2.2800000000000002,0.62,5.9,0.0
2025-01-20 10:00:00+00:00,113944.322,-1.7066666666666666,-2.2800000000000002,0.5666666666666667,6.1000000000000005,0.0
2025-01-20 11:00:00+00:00,119567.798,-1.7433333333333334,-2.2800000000000002,0.5133333333333333,6.3,0.0
2025-01-20 12:00:00+00:00,124284.208,-1.78,-2.2800000000000002,0.45999999999999996,6.5,0.0
2025-01-20 13:00:00+00:00,125571.875,-1.7233333333333334,-2.2800000000000002,0.4766666666666666,6.233333333333333,0.0
2025-01-20 14:00:00+00:00,123891.843,-1.6666666666666667,-2.2800000000000002,0.49333333333333335,5.966666666666667,0.0
2025-01-20 15:00:00+00:00,122757.786,-1.61,-2.2800000000000002,0.51,5.7,0.0
2025-01-20 16:00:00+00:00,121437.629,-1.5,-2.206666666666667,0.49333333333333335,5.533333333333333,0.0
2025-01-20 17:00:00+00:00,119887.178,-1.3900000000000001,-2.1333333333333333,0.4766666666666666,5.366666666666667,0.0
2025-01-20 18:00:00+00:00,119610.593,-1.28,-2.06,0.45999999999999996,5.2,0.0
2025-01-20 19:00:00+00:00,118796.036,-1.2433333333333334,-2.0766666666666667,0.45999999999999996,5.0,0.0
2025-01-20 20:00:00+00:00,119158.834,-1.2066666666666666,-2.0933333333333337,0.45999999999999996,4.8,0.0
2025-01-20 21:00:00+00:00,122335.945,-1.17,-2.1100000000000003,0.45999999999999996,4.6,0.0
2025-01-20 22:00:00+00:00,129252.905,-1.2066666666666666,-2.0933333333333337,0.45999999999999996,4.8,0.0
2025-01-20 23:00:00+00:00,132764.399,-1.2433333333333334,-2.0766666666666667,0.45999999999999996,5.0,0.0
2025-01-21 00:00:00+00:00,133091.04,-1.28,-2.06,0.45999999999999996,5.2,0.0
2025-01-21 01:00:00+00:00,132123.976,-1.3333333333333333,-2.04,0.41,5.566666666666666,0.0
2025-01-21 02:00:00+00:00,130303.02,-1.3866666666666667,-2.02,0.36,5.933333333333334,0.0
2025-01-21 03:00:00+00:00,127209.506,-1.44,-2.0,0.31,6.3,0.0
2025-01-21 04:00:00+00:00,124406.539,-1.4233333333333333,-1.9633333333333334,0.37666666666666665,6.3999999999999995,0.0
2025-01-21 05:00:00+00:00,122227.371,-1.4066666666666667,-1.9266666666666665,0.44333333333333336,6.5,0.0
2025-01-21 06:00:00+00:00,121193.492,-1.3900000000000001,-1.89,0.51,6.6,0.0
2025-01-21 07:00:00+00:00,120895.414,-1.3900000000000001,-1.8699999999999999,0.51,6.733333333333333,0.0
2025-01-21 08:00:00+00:00,121471.159,-1.3900000000000001,-1.85,0.51,6.866666666666666,0.0
2025-01-21 09:00:00+00:00,123269.312,-1.3900000000000001,-1.83,0.51,7.0,0.0
2025-01-21 10:00:00+00:00,127748.948,-1.3900000000000001,-1.72,0.72,7.6,0.0
2025-01-21 11:00:00+00:00,133827.346,-1.5,-1.8599999999999999,0.59,7.4,0.0
2025-01-21 12:00:00+00:00,138357.65,-1.61,-2.0,0.45999999999999996,7.2,0.0
2025-01-21 13:00:00+00:00,139202.784,-1.61,-2.1466666666666665,0.6,6.433333333333334,0.0
2025-01-21 14:00:00+00:00,137111.236,-1.61,-2.2933333333333334,0.74,5.666666666666667,0.0
2025-01-21 15:00:00+00:00,134162.489,-1.61,-2.44,0.8800000000000001,4.9,0.0
2025-01-21 16:00:00+00:00,131528.257,-1.61,-2.35,0.8600000000000001,5.333333333333334,0.0
2025-01-21 17:00:00+00:00,130222.749,-1.61,-2.26,0.84,5.766666666666667,0.0
2025-01-21 18:00:00+00:00,129309.048,-1.61,-2.17,0.82,6.2,0.0
2025-01-21 19:00:00+00:00,129063.226,-1.61,-2.26,0.77,5.766666666666667,0.0
2025-01-21 20:00:00+00:00,129609.264,-1.61,-2.35,0.72,5.333333333333334,0.0
2025-01-21 21:00:00+00:00,131874.899,-1.61,-2.44,0.67,4.9,0.0
2025-01-21 22:00:00+00:00,136535.392,-1.6833333333333333,-2.44,0.5666666666666667,5.233333333333333,0.0
2025-01-21 23:00:00+00:00,138368.829,-1.7566666666666668,-2.44,0.4633333333333334,5.566666666666667,0.0
2025-01-22 00:00:00+00:00,137660.228,-1.83,-2.44,0.36,5.9,0.0
2025-01-22 01:00:00+00:00,136481.276,-1.8666666666666667,-2.44,0.31,6.1000000000000005,0.0
2025-01-22 02:00:00+00:00,133970.631,-1.9033333333333333,-2.44,0.26,6.3,0.0
2025-01-22 03:00:00+00:00,130008.549,-1.94,-2.44,0.21000000000000002,6.5,0.0
2025-01-22 04:00:00+00:00,126666.551,-1.9233333333333333,-2.4233333333333333,0.26,6.5,0.0
2025-01-22 05:00:00+00:00,125188.462,-1.9066666666666665,-2.4066666666666663,0.31,6.5,0.0
2025-01-22 06:00:00+00:00,124178.982,-1.89,-2.3899999999999997,0.36,6.5,0.0
2025-01-22 07:00:00+00:00,124254.06,-1.89,-2.353333333333333,0.36,6.733333333333333,0.0
2025-01-22 08:00:00+00:00,125060.801,-1.89,-2.316666666666667,0.36,6.966666666666667,0.0
2025-01-22 09:00:00+00:00,127045.884,-1.89,-2.2800000000000002,0.36,7.2,0.0
2025-01-22 10:00:00+00:00,131435.389,-1.8699999999999999,-2.2800000000000002,0.37666666666666665,7.066666666666666,0.0
2025-01-22 11:00:00+00:00,137563.247,-1.85,-2.2800000000000002,0.3933333333333333,6.933333333333334,0.0
2025-01-22 12:00:00+00:00,142537.368,-1.83,-2.2800000000000002,0.41,6.8,0.0
2025-01-22 13:00:00+00:00,143718.718,-1.72,-2.2233333333333336,0.49666666666666665,6.533333333333333,0.0
2025-01-22 14:00:00+00:00,141249.246,-1.61,-2.166666666666667,0.5833333333333334,6.266666666666667,0.0
2025-01-22 15:00:00+00:00,137099.728,-1.5,-2.1100000000000003,0.67,6.0,0.0
2025-01-22 16:00:00+00:00,132923.427,-1.3333333333333333,-2.0450000000000004,0.6616666666666667,5.633333333333333,0.0
2025-01-22 17:00:00+00:00,129463.614,-1.1666666666666667,-1.9800000000000002,0.6533333333333333,5.266666666666667,0.0
2025-01-22 18:00:00+00:00,126455.656,-1.0,-1.915,0.645,4.9,0.0
2025-01-22 19:00:00+00:00,124178.634,-0.8333333333333334,-1.85,0.6366666666666667,4.533333333333333,0.0
2025-01-22 20:00:00+00:00,124096.864,-0.6666666666666667,-1.7850000000000001,0.6283333333333333,4.166666666666666,0.0
2025-01-22 21:00:00+00:00,127460.092,-0.5,-1.72,0.62,3.8,0.0
2025-01-22 22:00:00+00:00,133129.902,-0.52,-1.7033333333333334,0.62,3.933333333333333,0.0
2025-01-22 23:00:00+00:00,136193.725,-0.5399999999999999,-1.6866666666666665,0.62,4.066666666666666,0.0
2025-01-23 00:00:00+00:00,136109.483,-0.5599999999999999,-1.67,0.62,4.2,0.0
2025-01-23 01:00:00+00:00,135057.004,-0.6133333333333333,-1.67,0.5666666666666667,4.366666666666667,0.0
2025-01-23 02:00:00+00:00,132538.532,-0.6666666666666666,-1.67,0.5133333333333333,4.533333333333333,0.0
2025-01-23 03:00:00+00:00,128241.409,-0.72,-1.67,0.45999999999999996,4.7,0.0
2025-01-23 04:00:00+00:00,124476.756,-0.72,-1.65,0.45999999999999996,4.766666666666667,0.0
2025-01-23 05:00:00+00:00,122009.929,-0.72,-1.6300000000000001,0.45999999999999996,4.833333333333334,0.0
2025-01-23 06:00:00+00:00,121024.674,-0.72,-1.61,0.45999999999999996,4.9,0.0
2025-01-23 07:00:00+00:00,120885.694,-0.6833333333333333,-1.5266666666666668,0.45999999999999996,5.133333333333334,0.0
2025-01-23 08:00:00+00:00,121471.943,-0.6466666666666666,-1.4433333333333334,0.45999999999999996,5.366666666666667,0.0
2025-01-23 09:00:00+00:00,123419.87,-0.61,-1.3599999999999999,0.45999999999999996,5.6,0.0
2025-01-23 10:00:00+00:00,127808.465,-0.5733333333333334,-1.2766666666666666,0.45999999999999996,5.833333333333333,0.0
2025-01-23 11:00:00+00:00,134411.168,-0.5366666666666666,-1.1933333333333334,0.45999999999999996,6.066666666666666,0.0
2025-01-23 12:00:00+00:00,138799.634,-0.5,-1.1099999999999999,0.45999999999999996,6.3,0.0
2025-01-23 13:00:00+00:00,138147.904,-0.4433333333333333,-1.0166666666666666,0.4766666666666666,6.5,0.0
2025-01-23 14:00:00+00:00,133966.975,-0.38666666666666666,-0.9233333333333333,0.49333333333333335,6.7,0.0
2025-01-23 15:00:00+00:00,129277.242,-0.32999999999999996,-0.8300000000000001,0.51,6.9,0.0
2025-01-23 16:00:00+00:00,125120.751,-0.29333333333333333,-0.7200000000000001,0.5466666666666666,7.3,0.0
2025-01-23 17:00:00+00:00,121635.705,-0.25666666666666665,-0.61,0.5833333333333334,7.7,0.0
2025-01-23 18:00:00+00:00,119040.469,-0.22000000000000003,-0.5,0.62,8.1,0.0
2025-01-23 19:00:00+00:00,117070.39,-0.22000000000000003,-0.5,0.55,8.1,0.0
2025-01-23 20:00:00+00:00,116651.909,-0.22000000000000003,-0.5,0.48,8.1,0.0
2025-01-23 21:00:00+00:00,118905.034,-0.22000000000000003,-0.5,0.41,8.1,0.0
2025-01-23 22:00:00+00:00,123829.933,-0.35,-0.61,0.4633333333333333,8.233333333333333,0.0
2025-01-23 23:00:00+00:00,126599.967,-0.48,-0.7200000000000001,0.5166666666666667,8.366666666666667,0.0
2025-01-24 00:00:00+00:00,126291.438,-0.61,-0.8300000000000001,0.5700000000000001,8.5,0.0
2025-01-24 01:00:00+00:00,125130.489,-0.7033333333333334,-0.9800000000000001,0.55,8.133333333333333,0.0
2025-01-24 02:00:00+00:00,122612.553,-0.7966666666666666,-1.1300000000000001,0.53,7.766666666666667,0.0
2025-01-24 03:00:00+00:00,118562.838,-0.89,-1.28,0.51,7.4,0.0
2025-01-24 04:00:00+00:00,114955.051,-1.0,-1.3533333333333333,0.44333333333333336,7.6000000000000005,0.0
2025-01-24 05:00:00+00:00,112476.197,-1.1099999999999999,-1.4266666666666667,0.3766666666666667,7.8,0.0
2025-01-24 06:00:00+00:00,111294.436,-1.22,-1.5,0.31,8.0,0.0
2025-01-24 07:00:00+00:00,111097.551,-1.24,-1.5366666666666666,0.27666666666666667,7.9,0.0
2025-01-24 08:00:00+00:00,111870.743,-1.26,-1.5733333333333335,0.24333333333333335,7.8,0.0
2025-01-24 09:00:00+00:00,113954.955,-1.28,-1.61,0.21000000000000002,7.7,0.0
2025-01-24 10:00:00+00:00,118242.8,-1.3533333333333333,-1.6466666666666667,0.21000000000000002,7.9,0.0
2025-01-24 11:00:00+00:00,124779.779,-1.4266666666666667,-1.6833333333333333,0.21000000000000002,8.100000000000001,0.0
2025-01-24 12:00:00+00:00,129225.426,-1.5,-1.72,0.21000000000000002,8.3,0.0
2025-01-24 13:00:00+00:00,128527.179,-1.4066666666666667,-1.6466666666666667,0.22666666666666668,8.200000000000001,0.0
2025-01-24 14:00:00+00:00,123661.381,-1.3133333333333332,-1.5733333333333333,0.24333333333333335,8.1,0.0
2025-01-24 15:00:00+00:00,118466.049,-1.22,-1.5,0.26,8.0,0.0
2025-01-24 16:00:00+00:00,114701.622,-1.0733333333333333,-1.4433333333333334,0.36333333333333334,7.5,0.0
2025-01-24 17:00:00+00:00,112266.54,-0.9266666666666667,-1.3866666666666667,0.4666666666666667,7.0,0.0
2025-01-24 18:00:00+00:00,111000.95,-0.78,-1.33,0.5700000000000001,6.5,0.0
2025-01-24 19:00:00+00:00,110415.461,-0.7066666666666667,-1.33,0.5333333333333333,6.166666666666667,0.0
2025-01-24 20:00:00+00:00,111055.04,-0.6333333333333333,-1.33,0.49666666666666665,5.833333333333333,0.0
2025-01-24 21:00:00+00:00,113714.087,-0.5599999999999999,-1.33,0.45999999999999996,5.5,0.0
2025-01-24 22:00:00+00:00,118371.43,-0.6133333333333333,-1.3666666666666667,0.3933333333333333,5.566666666666666,0.0
2025-01-24 23:00:00+00:00,120912.564,-0.6666666666666666,-1.4033333333333333,0.32666666666666666,5.633333333333334,0.0
2025-01-25 00:00:00+00:00,120774.714,-0.72,-1.44,0.26,5.7,0.0
2025-01-25 01:00:00+00:00,120007.299,-0.72,-1.4033333333333333,0.38,5.866666666666667,0.0
2025-01-25 02:00:00+00:00,118686.467,-0.72,-1.3666666666666667,0.5,6.033333333333333,0.0
2025-01-25 03:00:00+00:00,115988.3,-0.72,-1.33,0.62,6.2,0.0
2025-01-25 04:00:00+00:00,113189.938,-0.7033333333333334,-1.33,0.6033333333333334,6.133333333333334,0.0
2025-01-25 05:00:00+00:00,111066.572,-0.6866666666666666,-1.33,0.5866666666666667,6.066666666666666,0.0
2025-01-25 06:00:00+00:00,110145.828,-0.67,-1.33,0.5700000000000001,6.0,0.0
2025-01-25 07:00:00+00:00,109844.763,-0.67,-1.2933333333333334,0.5333333333333333,6.166666666666667,0.0
2025-01-25 08:00:00+00:00,110119.035,-0.67,-1.2566666666666666,0.49666666666666665,6.333333333333333,0.0
2025-01-25 09:00:00+00:00,111517.729,-0.67,-1.22,0.45999999999999996,6.5,0.0
2025-01-25 10:00:00+00:00,113870.35,-0.6133333333333334,-1.1666666666666667,0.4433333333333333,6.5,0.0
2025-01-25 11:00:00+00:00,117115.385,-0.5566666666666666,-1.1133333333333333,0.42666666666666664,6.5,0.0
2025-01-25 12:00:00+00:00,120138.631,-0.5,-1.06,0.41,6.5,0.0
2025-01-25 13:00:00+00:00,120009.486,-0.39,-1.0033333333333334,0.42666666666666664,6.266666666666667,0.0
2025-01-25 14:00:00+00:00,115592.96,-0.28,-0.9466666666666667,0.4433333333333333,6.033333333333333,0.0
2025-01-25 15:00:00+00:00,110837.279,-0.16999999999999998,-0.89,0.45999999999999996,5.8,0.0
2025-01-25 16:00:00+00:00,106752.487,-0.03999999999999998,-0.8166666666666667,0.49666666666666665,5.6,0.0
2025-01-25 17:00:00+00:00,103334.875,0.09000000000000002,-0.7433333333333334,0.5333333333333333,5.4,0.0
2025-01-25 18:00:00+00:00,101036.432,0.22000000000000003,-0.67,0.5700000000000001,5.2,0.0
2025-01-25 19:00:00+00:00,99692.162,0.27666666666666667,-0.6333333333333333,0.5866666666666667,5.133333333333334,0.0
2025-01-25 20:00:00+00:00,99893.3,0.33333333333333337,-0.5966666666666667,0.6033333333333334,5.066666666666666,0.0
2025-01-25 21:00:00+00:00,102709.662,0.39,-0.5599999999999999,0.62,5.0,0.0
2025-01-25 22:00:00+00:00,107489.197,0.33333333333333337,-0.5399999999999999,0.5833333333333334,5.3,0.0
2025-01-25 23:00:00+00:00,110441.474,0.27666666666666667,-0.52,0.5466666666666666,5.6000000000000005,0.0
2025-01-26 00:00:00+00:00,110344.882,0.22000000000000003,-0.5,0.51,5.9,0.0
2025-01-26 01:00:00+00:00,109122.551,0.16666666666666669,-0.4633333333333333,0.49333333333333335,6.333333333333334,0.0
2025-01-26 02:00:00+00:00,107283.565,0.11333333333333334,-0.4266666666666667,0.4766666666666666,6.766666666666667,0.0
2025-01-26 03:00:00+00:00,104245.448,0.06,-0.39,0.45999999999999996,7.2,0.0
2025-01-26 04:00:00+00:00,101190.707,0.003333333333333327,-0.4266666666666667,0.3933333333333333,7.3,0.0
2025-01-26 05:00:00+00:00,98723.082,-0.053333333333333344,-0.4633333333333333,0.32666666666666666,7.4,0.0
2025-01-26 06:00:00+00:00,96921.439,-0.11000000000000001,-0.5,0.26,7.5,0.0
2025-01-26 07:00:00+00:00,95800.093,-0.09333333333333334,-0.5566666666666666,0.31,7.133333333333334,0.0
2025-01-26 08:00:00+00:00,95525.301,-0.07666666666666666,-0.6133333333333334,0.36,6.766666666666667,0.0
2025-01-26 09:00:00+00:00,95775.242,-0.06,-0.67,0.41,6.4,0.0
2025-01-26 10:00:00+00:00,96722.011,-0.16999999999999998,-0.76,0.37666666666666665,6.466666666666667,0.0
2025-01-26 11:00:00+00:00,98714.333,-0.28,-0.8500000000000001,0.3433333333333333,6.533333333333333,0.0
2025-01-26 12:00:00+00:00,101069.083,-0.39,-0.9400000000000001,0.31,6.6,0.0
2025-01-26 13:00:00+00:00,103079.281,-0.35333333333333333,-0.9600000000000001,0.36,6.333333333333333,0.0
2025-01-26 14:00:00+00:00,102661.97,-0.31666666666666665,-0.98,0.41,6.066666666666666,0.0
2025-01-26 15:00:00+00:00,100845.541,-0.27999999999999997,-1.0,0.45999999999999996,5.8,0.0
2025-01-26 16:00:00+00:00,98684.097,-0.18666666666666665,-0.98,0.41,5.533333333333333,0.0
2025-01-26 17:00:00+00:00,96764.901,-0.09333333333333332,-0.9600000000000001,0.36,5.266666666666667,0.0
2025-01-26 18:00:00+00:00,95051.212,0.0,-0.9400000000000001,0.31,5.0,0.0
2025-01-26 19:00:00+00:00,94451.709,0.036666666666666674,-0.9400000000000001,0.29333333333333333,4.866666666666666,0.0
2025-01-26 20:00:00+00:00,94487.935,0.07333333333333335,-0.9400000000000001,0.27666666666666667,4.733333333333333,0.0
2025-01-26 21:00:00+00:00,96943.311,0.11000000000000001,-0.9400000000000001,0.26,4.6,0.0
2025-01-26 22:00:00+00:00,102255.993,-1.3877787807814457e-17,-0.9233333333333333,0.24333333333333335,5.066666666666666,0.0
2025-01-26 23:00:00+00:00,106261.087,-0.11000000000000004,-0.9066666666666667,0.22666666666666668,5.533333333333333,0.0
2025-01-27 00:00:00+00:00,107542.908,-0.22000000000000003,-0.89,0.21000000000000002,6.0,0.0
2025-01-27 01:00:00+00:00,107260.991,-0.31333333333333335,-0.89,0.22666666666666668,6.466666666666667,0.0
2025-01-27 02:00:00+00:00,105296.687,-0.4066666666666667,-0.89,0.24333333333333335,6.933333333333334,0.0
2025-01-27 03:00:00+00:00,102500.807,-0.5,-0.89,0.26,7.4,0.0
2025-01-27 04:00:00+00:00,99452.546,-0.5566666666666666,-0.9066666666666667,0.27666666666666667,7.633333333333334,0.0
2025-01-27 05:00:00+00:00,97532.036,-0.6133333333333334,-0.9233333333333333,0.29333333333333333,7.866666666666666,0.0
2025-01-27 06:00:00+00:00,96670.265,-0.67,-0.9400000000000001,0.31,8.1,0.0
2025-01-27 07:00:00+00:00,96699.232,-0.7233333333333334,-0.9600000000000001,0.31,8.333333333333334,0.0
2025-01-27 08:00:00+00:00,97576.888,-0.7766666666666667,-0.98,0.31,8.566666666666666,0.0
2025-01-27 09:00:00+00:00,99937.793,-0.8300000000000001,-1.0,0.31,8.8,0.0
2025-01-27 10:00:00+00:00,105050.957,-0.8500000000000001,-1.0366666666666666,0.29333333333333333,8.666666666666668,0.0
2025-01-27 11:00:00+00:00,112646.987,-0.87,-1.0733333333333333,0.27666666666666667,8.533333333333333,0.0
2025-01-27 12:00:00+00:00,118078.894,-0.89,-1.1099999999999999,0.26,8.4,0.0
2025-01-27 13:00:00+00:00,116940.404,-0.76,-1.0533333333333332,0.31,8.0,0.0
2025-01-27 14:00:00+00:00,111539.005,-0.63,-0.9966666666666667,0.36,7.6000000000000005,0.0
2025-01-27 15:00:00+00:00,106527.863,-0.5,-0.9400000000000001,0.41,7.2,0.0
2025-01-27 16:00:00+00:00,103014.469,-0.29666666666666663,-0.9966666666666667,0.5466666666666666,6.133333333333334,0.0
2025-01-27 17:00:00+00:00,100556.2,-0.09333333333333332,-1.0533333333333332,0.6833333333333333,5.066666666666666,0.0
2025-01-27 18:00:00+00:00,98814.085,0.11000000000000001,-1.1099999999999999,0.82,4.0,0.0
2025-01-27 19:00:00+00:00,97781.151,0.1466666666666667,-1.0733333333333333,0.8733333333333333,4.0,0.0
2025-01-27 20:00:00+00:00,98485.441,0.18333333333333335,-1.0366666666666666,0.9266666666666667,4.0,0.0
2025-01-27 21:00:00+00:00,101643.451,0.22000000000000003,-1.0,0.9800000000000001,4.0,0.0
2025-01-27 22:00:00+00:00,107303.392,0.14666666666666667,-0.9433333333333334,0.8766666666666667,4.466666666666667,0.0
2025-01-27 23:00:00+00:00,111064.814,0.07333333333333333,-0.8866666666666667,0.7733333333333334,4.933333333333334,0.0
2025-01-28 00:00:00+00:00,111136.15,0.0,-0.8300000000000001,0.67,5.4,0.0
2025-01-28 01:00:00+00:00,109993.983,0.0,-0.7933333333333333,0.7033333333333334,5.566666666666667,0.0
2025-01-28 02:00:00+00:00,107312.743,0.0,-0.7566666666666667,0.7366666666666667,5.733333333333333,0.0
2025-01-28 03:00:00+00:00,102860.511,0.0,-0.72,0.77,5.9,0.0
2025-01-28 04:00:00+00:00,98549.989,0.036666666666666674,-0.7033333333333334,0.7366666666666667,5.8,0.0
2025-01-28 05:00:00+00:00,95815.127,0.07333333333333335,-0.6866666666666666,0.7033333333333334,5.7,0.0
2025-01-28 06:00:00+00:00,94047.656,0.11000000000000001,-0.67,0.67,5.6,0.0
2025-01-28 07:00:00+00:00,93244.542,0.053333333333333344,-0.65,0.6366666666666667,5.966666666666667,0.0
2025-01-28 08:00:00+00:00,93121.701,-0.003333333333333327,-0.63,0.6033333333333334,6.333333333333333,0.0
2025-01-28 09:00:00+00:00,94736.27,-0.06,-0.61,0.5700000000000001,6.7,0.0
2025-01-28 10:00:00+00:00,99179.333,-0.1333333333333333,-0.61,0.5,7.066666666666666,0.0
2025-01-28 11:00:00+00:00,106080.584,-0.20666666666666664,-0.61,0.43000000000000005,7.433333333333334,0.0
2025-01-28 12:00:00+00:00,110230.846,-0.27999999999999997,-0.61,0.36,7.8,0.0
2025-01-28 13:00:00+00:00,108870.445,-0.12999999999999998,-0.5533333333333333,0.41,7.333333333333333,0.0
2025-01-28 14:00:00+00:00,104899.348,0.020000000000000018,-0.4966666666666667,0.46,6.866666666666667,0.0
2025-01-28 15:00:00+00:00,101785.54,0.16999999999999998,-0.44000000000000006,0.51,6.4,0.0
2025-01-28 16:00:00+00:00,99121.608,0.31666666666666665,-0.46,0.5633333333333334,5.766666666666667,0.0
2025-01-28 17:00:00+00:00,96979.132,0.4633333333333333,-0.48000000000000004,0.6166666666666667,5.133333333333334,0.0
2025-01-28 18:00:00+00:00,95450.958,0.61,-0.5,0.67,4.5,0.0
2025-01-28 19:00:00+00:00,94408.057,0.6466666666666666,-0.5,0.72,4.4,0.0
2025-01-28 20:00:00+00:00,94834.51,0.6833333333333333,-0.5,0.77,4.3,0.0
2025-01-28 21:00:00+00:00,97702.309,0.72,-0.5,0.82,4.2,0.0
2025-01-28 22:00:00+00:00,102821.918,0.61,-0.4433333333333333,0.7533333333333333,4.8,0.0
2025-01-28 23:00:00+00:00,106666.347,0.5,-0.38666666666666666,0.6866666666666666,5.4,0.0
2025-01-29 00:00:00+00:00,107051.123,0.39,-0.32999999999999996,0.62,6.0,0.0
2025-01-29 01:00:00+00:00,105939.415,0.4266666666666667,-0.3133333333333333,0.67,5.9,0.0
2025-01-29 02:00:00+00:00,103186.157,0.4633333333333333,-0.29666666666666663,0.72,5.8,0.0
2025-01-29 03:00:00+00:00,98772.173,0.5,-0.27999999999999997,0.77,5.7,0.0
2025-01-29 04:00:00+00:00,94660.018,0.4433333333333333,-0.27999999999999997,0.7366666666666667,5.966666666666667,0.0
2025-01-29 05:00:00+00:00,91371.863,0.38666666666666666,-0.27999999999999997,0.7033333333333334,6.233333333333333,0.0
2025-01-29 06:00:00+00:00,89440.363,0.32999999999999996,-0.27999999999999997,0.67,6.5,0.0
2025-01-29 07:00:00+00:00,88522.88,0.25666666666666665,-0.27999999999999997,0.6,6.866666666666666,0.0
2025-01-29 08:00:00+00:00,88571.89,0.18333333333333332,-0.27999999999999997,0.53,7.233333333333333,0.0
2025-01-29 09:00:00+00:00,90134.113,0.11000000000000001,-0.27999999999999997,0.45999999999999996,7.6,0.0
2025-01-29 10:00:00+00:00,94435.099,0.13,-0.27999999999999997,0.49666666666666665,7.466666666666667,0.0
2025-01-29 11:00:00+00:00,101470.223,0.15,-0.27999999999999997,0.5333333333333333,7.333333333333333,0.0
2025-01-29 12:00:00+00:00,105741.797,0.16999999999999998,-0.27999999999999997,0.5700000000000001,7.2,0.0
2025-01-29 13:00:00+00:00,103677.925,0.26,-0.29666666666666663,0.6533333333333333,6.733333333333333,0.0
2025-01-29 14:00:00+00:00,99427.86,0.35000000000000003,-0.3133333333333333,0.7366666666666667,6.266666666666667,0.0
2025-01-29 15:00:00+00:00,95834.612,0.44000000000000006,-0.32999999999999996,0.82,5.8,0.0
2025-01-29 16:00:00+00:00,93687.617,0.5333333333333333,-0.35,0.82,5.3999999999999995,0.0
2025-01-29 17:00:00+00:00,92846.453,0.6266666666666667,-0.37,0.82,5.0,0.0
2025-01-29 18:00:00+00:00,91842.67,0.72,-0.39,0.82,4.6,0.0
2025-01-29 19:00:00+00:00,91452.878,0.74,-0.35333333333333333,0.77,4.633333333333333,0.0
2025-01-29 20:00:00+00:00,92128.641,0.76,-0.31666666666666665,0.72,4.666666666666667,0.0
2025-01-29 21:00:00+00:00,94795.469,0.78,-0.27999999999999997,0.67,4.7,0.0
2025-01-29 22:00:00+00:00,99471.649,0.63,-0.27999999999999997,0.55,5.3,0.0
2025-01-29 23:00:00+00:00,102974.152,0.48,-0.27999999999999997,0.43000000000000005,5.9,0.0
2025-01-30 00:00:00+00:00,103286.92,0.32999999999999996,-0.27999999999999997,0.31,6.5,0.0
2025-01-30 01:00:00+00:00,102389.073,0.2766666666666666,-0.27999999999999997,0.31,6.733333333333333,0.0
2025-01-30 02:00:00+00:00,100057.027,0.22333333333333333,-0.27999999999999997,0.31,6.966666666666667,0.0
2025-01-30 03:00:00+00:00,96415.495,0.16999999999999998,-0.27999999999999997,0.31,7.2,0.0
2025-01-30 04:00:00+00:00,93017.982,0.15,-0.27999999999999997,0.27666666666666667,7.333333333333333,0.0
2025-01-30 05:00:00+00:00,90997.691,0.13,-0.27999999999999997,0.24333333333333335,7.466666666666667,0.0
2025-01-30 06:00:00+00:00,89964.524,0.11000000000000001,-0.27999999999999997,0.21000000000000002,7.6,0.0
2025-01-30 07:00:00+00:00,89923.198,0.03666666666666667,-0.3333333333333333,0.21000000000000002,7.7,0.0
2025-01-30 08:00:00+00:00,90680.07,-0.03666666666666668,-0.3866666666666667,0.21000000000000002,7.8,0.0
2025-01-30 09:00:00+00:00,93146.751,-0.11000000000000001,-0.44000000000000006,0.21000000000000002,7.9,0.0
2025-01-30 10:00:00+00:00,98635.063,-0.09333333333333334,-0.44000000000000006,0.21000000000000002,7.8,0.0
2025-01-30 11:00:00+00:00,106605.126,-0.07666666666666666,-0.44000000000000006,0.21000000000000002,7.7,0.0
2025-01-30 12:00:00+00:00,111625.231,-0.06,-0.44000000000000006,0.21000000000000002,7.6,0.0
2025-01-30 13:00:00+00:00,109740.431,0.016666666666666663,-0.35000000000000003,0.24333333333333335,7.666666666666666,0.0
2025-01-30 14:00:00+00:00,104528.573,0.09333333333333332,-0.26,0.27666666666666667,7.733333333333333,0.0
2025-01-30 15:00:00+00:00,100401.128,0.16999999999999998,-0.16999999999999998,0.31,7.8,0.0
2025-01-30 16:00:00+00:00,97174.979,0.35333333333333333,-0.20666666666666664,0.32666666666666666,6.833333333333333,0.0
2025-01-30 17:00:00+00:00,95115.615,0.5366666666666666,-0.2433333333333333,0.3433333333333333,5.866666666666667,0.0
2025-01-30 18:00:00+00:00,93881.368,0.72,-0.27999999999999997,0.36,4.9,0.0
2025-01-30 19:00:00+00:00,93686.318,0.7033333333333334,-0.26,0.31,5.033333333333333,0.0
2025-01-30 20:00:00+00:00,94925.648,0.6866666666666666,-0.24000000000000002,0.26,5.166666666666667,0.0
2025-01-30 21:00:00+00:00,97901.31,0.67,-0.22000000000000003,0.21000000000000002,5.3,0.0
2025-01-30 22:00:00+00:00,102303.094,0.6333333333333333,-0.09000000000000002,0.27666666666666667,6.066666666666666,0.0
2025-01-30 23:00:00+00:00,104503.155,0.5966666666666667,0.03999999999999998,0.3433333333333333,6.833333333333333,0.0
2025-01-31 00:00:00+00:00,103914.247,0.5599999999999999,0.16999999999999998,0.41,7.6,0.0
2025-01-31 01:00:00+00:00,102365.33,0.52,0.2233333333333333,0.42666666666666664,8.166666666666666,0.0
2025-01-31 02:00:00+00:00,99363.6,0.48000000000000004,0.2766666666666666,0.4433333333333333,8.733333333333334,0.0
2025-01-31 03:00:00+00:00,94729.942,0.44000000000000006,0.32999999999999996,0.45999999999999996,9.3,0.0
2025-01-31 04:00:00+00:00,90157.957,0.44000000000000006,0.35,0.45999999999999996,9.433333333333334,0.0
2025-01-31 05:00:00+00:00,87031.405,0.44000000000000006,0.37,0.45999999999999996,9.566666666666666,0.0
2025-01-31 06:00:00+00:00,85073.461,0.44000000000000006,0.39,0.45999999999999996,9.7,0.0
2025-01-31 07:00:00+00:00,84045.994,0.44000000000000006,0.39,0.41,9.7,0.0
2025-01-31 08:00:00+00:00,83925.306,0.44000000000000006,0.39,0.36,9.7,0.0
2025-01-31 09:00:00+00:00,85197.716,0.44000000000000006,0.39,0.31,9.7,0.0
2025-01-31 10:00:00+00:00,88971.693,0.4966666666666667,0.44666666666666666,0.3433333333333333,9.7,0.0
2025-01-31 11:00:00+00:00,95277.804,0.5533333333333333,0.5033333333333333,0.37666666666666665,9.7,0.0
2025-01-31 12:00:00+00:00,99569.509,0.61,0.5599999999999999,0.41,9.7,0.0
2025-01-31 13:00:00+00:00,100977.909,0.6466666666666666,0.6133333333333333,0.36,9.799999999999999,0.0
2025-01-31 14:00:00+00:00,101424.529,0.6833333333333333,0.6666666666666666,0.31,9.9,0.0
2025-01-31 15:00:00+00:00,101336.752,0.72,0.72,0.26,10.0,0.0
2025-01-31 16:00:00+00:00,100770.18,0.7766666666666666,0.74,0.5,9.766666666666667,0.0
2025-01-31 17:00:00+00:00,100045.055,0.8333333333333334,0.76,0.74,9.533333333333333,0.0
2025-01-31 18:00:00+00:00,98807.405,0.89,0.78,0.9800000000000001,9.3,0.0
2025-01-31 19:00:00+00:00,97398.597,0.89,0.7433333333333334,0.8933333333333334,9.066666666666666,0.0
2025-01-31 20:00:00+00:00,96621.207,0.89,0.7066666666666667,0.8066666666666666,8.833333333333334,0.0
2025-01-31 21:00:00+00:00,97063.388,0.89,0.67,0.72,8.6,0.0
2025-01-31 22:00:00+00:00,98600.135,0.8533333333333334,0.6333333333333333,0.6866666666666666,8.6,0.0
2025-01-31 23:00:00+00:00,98996.243,0.8166666666666667,0.5966666666666667,0.6533333333333333,8.6,0.0
2025-02-01 00:00:00+00:00,97467.663,0.78,0.5599999999999999,0.62,8.6,0.0
2025-02-01 01:00:00+00:00,95563.845,0.65,0.4666666666666666,0.5833333333333334,8.833333333333334,0.0
2025-02-01 02:00:00+00:00,92902.92,0.52,0.3733333333333333,0.5466666666666666,9.066666666666666,0.0
2025-02-01 03:00:00+00:00,89301.218,0.39,0.27999999999999997,0.51,9.3,0.0
2025-02-01 04:00:00+00:00,85590.824,0.31666666666666665,0.18666666666666665,0.53,9.166666666666668,0.0
